lgu,lgu_type,barangay,psgc_code,urban_rural_psa,population_2024_psa,avg_household_income_php_simulated,economic_standing_simulated,avg_monthly_water_cost_php_simulated,water_burden_pct_simulated,piped_access_pct_simulated,supply_reliability_pct_simulated,avg_daily_demand_m3_simulated,livelihood_profile_simulated,shortage_risk_simulated,economic_loss_if_outage_per_day_php_simulated,intervention_priority_simulated,recommended_intervention_simulated,data_status,source_url,avg_household_size_2020_psa_lgu,households_2024_estimated,basic_domestic_demand_lpcd_assumption,basic_domestic_demand_lpd_estimated,basic_domestic_demand_ml_day_estimated,nrw_design_assumption_pct,gross_production_requirement_ml_day_at_15pct_nrw_estimated,basic_household_equivalent_lpd_estimated,households_simulated_legacy
Catbalogan City,City,Albalate,0806005001,Rural,337,11600,Low Income,710,6.1,59,69,30.3,Fishing and agriculture,High,4000,High,Target affordability support and improve service reliability,"{""barangay_name"": ""PSA PSGC"", ""psgc_code"": ""PSA PSGC"", ""urban_rural"": ""PSA PSGC"", ""population_2024"": ""PSA 2024 POPCEN"", ""water_economics_fields"": ""Simulated for prototype only"", ""avg_household_size_2020_lgu"": ""PSA 2020 Census"", ""households_2024_estimated"": ""Derived estimate: 2024 barangay population / 2020 LGU average household size"", ""basic_domestic_demand"": ""Derived estimate using DPWH 55 L/person/day midpoint for Level II rural-water design"", ""nrw_design_assumption"": ""DPWH 15% NRW assumption for a new Level II system"", ""gross_production_requirement"": ""Derived estimate: net demand / (1 - 0.15)""}",https://psa.gov.ph/classification/psgc/barangays/0806005000,4.6,73,55,18535,0.0185,15,0.0218,253.0,74
Catbalogan City,City,Bagongon,0806005002,Rural,747,11700,Low Income,740,6.3,66,80,67.2,Agriculture and local services,Medium,8000,High,Target affordability support and improve service reliability,"{""barangay_name"": ""PSA PSGC"", ""psgc_code"": ""PSA PSGC"", ""urban_rural"": ""PSA PSGC"", ""population_2024"": ""PSA 2024 POPCEN"", ""water_economics_fields"": ""Simulated for prototype only"", ""avg_household_size_2020_lgu"": ""PSA 2020 Census"", ""households_2024_estimated"": ""Derived estimate: 2024 barangay population / 2020 LGU average household size"", ""basic_domestic_demand"": ""Derived estimate using DPWH 55 L/person/day midpoint for Level II rural-water design"", ""nrw_design_assumption"": ""DPWH 15% NRW assumption for a new Level II system"", ""gross_production_requirement"": ""Derived estimate: net demand / (1 - 0.15)""}",https://psa.gov.ph/classification/psgc/barangays/0806005000,4.6,162,55,41085,0.0411,15,0.0483,253.0,164
Catbalogan City,City,Bangon,0806005003,Rural,272,11900,Low Income,780,6.6,73,63,24.5,Mixed rural livelihood,High,3000,High,Target affordability support and improve service reliability,"{""barangay_name"": ""PSA PSGC"", ""psgc_code"": ""PSA PSGC"", ""urban_rural"": ""PSA PSGC"", ""population_2024"": ""PSA 2024 POPCEN"", ""water_economics_fields"": ""Simulated for prototype only"", ""avg_household_size_2020_lgu"": ""PSA 2020 Census"", ""households_2024_estimated"": ""Derived estimate: 2024 barangay population / 2020 LGU average household size"", ""basic_domestic_demand"": ""Derived estimate using DPWH 55 L/person/day midpoint for Level II rural-water design"", ""nrw_design_assumption"": ""DPWH 15% NRW assumption for a new Level II system"", ""gross_production_requirement"": ""Derived estimate: net demand / (1 - 0.15)""}",https://psa.gov.ph/classification/psgc/barangays/0806005000,4.6,59,55,14960,0.015,15,0.0176,253.0,60
Catbalogan City,City,Basiao,0806005004,Rural,747,12100,Lower-Middle,820,6.8,52,74,67.2,"Fishing, farming, and microenterprise",High,8000,High,Target affordability support and improve service reliability,"{""barangay_name"": ""PSA PSGC"", ""psgc_code"": ""PSA PSGC"", ""urban_rural"": ""PSA PSGC"", ""population_2024"": ""PSA 2024 POPCEN"", ""water_economics_fields"": ""Simulated for prototype only"", ""avg_household_size_2020_lgu"": ""PSA 2020 Census"", ""households_2024_estimated"": ""Derived estimate: 2024 barangay population / 2020 LGU average household size"", ""basic_domestic_demand"": ""Derived estimate using DPWH 55 L/person/day midpoint for Level II rural-water design"", ""nrw_design_assumption"": ""DPWH 15% NRW assumption for a new Level II system"", ""gross_production_requirement"": ""Derived estimate: net demand / (1 - 0.15)""}",https://psa.gov.ph/classification/psgc/barangays/0806005000,4.6,162,55,41085,0.0411,15,0.0483,253.0,164
Catbalogan City,City,Buluan,0806005005,Rural,797,12300,Lower-Middle,860,7.0,59,85,71.7,Agriculture and small-scale livelihood,High,9000,High,Target affordability support and improve service reliability,"{""barangay_name"": ""PSA PSGC"", ""psgc_code"": ""PSA PSGC"", ""urban_rural"": ""PSA PSGC"", ""population_2024"": ""PSA 2024 POPCEN"", ""water_economics_fields"": ""Simulated for prototype only"", ""avg_household_size_2020_lgu"": ""PSA 2020 Census"", ""households_2024_estimated"": ""Derived estimate: 2024 barangay population / 2020 LGU average household size"", ""basic_domestic_demand"": ""Derived estimate using DPWH 55 L/person/day midpoint for Level II rural-water design"", ""nrw_design_assumption"": ""DPWH 15% NRW assumption for a new Level II system"", ""gross_production_requirement"": ""Derived estimate: net demand / (1 - 0.15)""}",https://psa.gov.ph/classification/psgc/barangays/0806005000,4.6,173,55,43835,0.0438,15,0.0516,253.0,175
Catbalogan City,City,Bunuanan,0806005006,Rural,4738,12400,Lower-Middle,890,7.2,66,68,426.4,Fishing and agriculture,High,53000,High,Target affordability support and improve service reliability,"{""barangay_name"": ""PSA PSGC"", ""psgc_code"": ""PSA PSGC"", ""urban_rural"": ""PSA PSGC"", ""population_2024"": ""PSA 2024 POPCEN"", ""water_economics_fields"": ""Simulated for prototype only"", ""avg_household_size_2020_lgu"": ""PSA 2020 Census"", ""households_2024_estimated"": ""Derived estimate: 2024 barangay population / 2020 LGU average household size"", ""basic_domestic_demand"": ""Derived estimate using DPWH 55 L/person/day midpoint for Level II rural-water design"", ""nrw_design_assumption"": ""DPWH 15% NRW assumption for a new Level II system"", ""gross_production_requirement"": ""Derived estimate: net demand / (1 - 0.15)""}",https://psa.gov.ph/classification/psgc/barangays/0806005000,4.6,1030,55,260590,0.2606,15,0.3066,253.0,1041
Catbalogan City,City,Cabugawan,0806005007,Rural,973,12600,Lower-Middle,930,7.4,73,79,87.6,Agriculture and local services,High,11000,High,Target affordability support and improve service reliability,"{""barangay_name"": ""PSA PSGC"", ""psgc_code"": ""PSA PSGC"", ""urban_rural"": ""PSA PSGC"", ""population_2024"": ""PSA 2024 POPCEN"", ""water_economics_fields"": ""Simulated for prototype only"", ""avg_household_size_2020_lgu"": ""PSA 2020 Census"", ""households_2024_estimated"": ""Derived estimate: 2024 barangay population / 2020 LGU average household size"", ""basic_domestic_demand"": ""Derived estimate using DPWH 55 L/person/day midpoint for Level II rural-water design"", ""nrw_design_assumption"": ""DPWH 15% NRW assumption for a new Level II system"", ""gross_production_requirement"": ""Derived estimate: net demand / (1 - 0.15)""}",https://psa.gov.ph/classification/psgc/barangays/0806005000,4.6,212,55,53515,0.0535,15,0.063,253.0,214
Catbalogan City,City,Cagudalo,0806005008,Rural,219,12800,Lower-Middle,970,7.6,52,62,19.7,Mixed rural livelihood,High,3000,High,Target affordability support and improve service reliability,"{""barangay_name"": ""PSA PSGC"", ""psgc_code"": ""PSA PSGC"", ""urban_rural"": ""PSA PSGC"", ""population_2024"": ""PSA 2024 POPCEN"", ""water_economics_fields"": ""Simulated for prototype only"", ""avg_household_size_2020_lgu"": ""PSA 2020 Census"", ""households_2024_estimated"": ""Derived estimate: 2024 barangay population / 2020 LGU average household size"", ""basic_domestic_demand"": ""Derived estimate using DPWH 55 L/person/day midpoint for Level II rural-water design"", ""nrw_design_assumption"": ""DPWH 15% NRW assumption for a new Level II system"", ""gross_production_requirement"": ""Derived estimate: net demand / (1 - 0.15)""}",https://psa.gov.ph/classification/psgc/barangays/0806005000,4.6,48,55,12045,0.012,15,0.0142,253.0,48
Catbalogan City,City,Cagusipan,0806005009,Rural,249,13000,Lower-Middle,700,5.4,59,73,22.4,"Fishing, farming, and microenterprise",Medium,3000,High,"Prioritize reliability, access, and shortage-resilience improvements","{""barangay_name"": ""PSA PSGC"", ""psgc_code"": ""PSA PSGC"", ""urban_rural"": ""PSA PSGC"", ""population_2024"": ""PSA 2024 POPCEN"", ""water_economics_fields"": ""Simulated for prototype only"", ""avg_household_size_2020_lgu"": ""PSA 2020 Census"", ""households_2024_estimated"": ""Derived estimate: 2024 barangay population / 2020 LGU average household size"", ""basic_domestic_demand"": ""Derived estimate using DPWH 55 L/person/day midpoint for Level II rural-water design"", ""nrw_design_assumption"": ""DPWH 15% NRW assumption for a new Level II system"", ""gross_production_requirement"": ""Derived estimate: net demand / (1 - 0.15)""}",https://psa.gov.ph/classification/psgc/barangays/0806005000,4.6,54,55,13695,0.0137,15,0.0161,253.0,55
Catbalogan City,City,Cagutian,0806005011,Rural,249,13300,Lower-Middle,780,5.9,73,67,22.4,Fishing and agriculture,Medium,3000,High,"Prioritize reliability, access, and shortage-resilience improvements","{""barangay_name"": ""PSA PSGC"", ""psgc_code"": ""PSA PSGC"", ""urban_rural"": ""PSA PSGC"", ""population_2024"": ""PSA 2024 POPCEN"", ""water_economics_fields"": ""Simulated for prototype only"", ""avg_household_size_2020_lgu"": ""PSA 2020 Census"", ""households_2024_estimated"": ""Derived estimate: 2024 barangay population / 2020 LGU average household size"", ""basic_domestic_demand"": ""Derived estimate using DPWH 55 L/person/day midpoint for Level II rural-water design"", ""nrw_design_assumption"": ""DPWH 15% NRW assumption for a new Level II system"", ""gross_production_requirement"": ""Derived estimate: net demand / (1 - 0.15)""}",https://psa.gov.ph/classification/psgc/barangays/0806005000,4.6,54,55,13695,0.0137,15,0.0161,253.0,55
Catbalogan City,City,Cagutsan,0806005012,Rural,1223,13500,Lower-Middle,810,6.0,52,78,110.1,Agriculture and local services,High,15000,High,Target affordability support and improve service reliability,"{""barangay_name"": ""PSA PSGC"", ""psgc_code"": ""PSA PSGC"", ""urban_rural"": ""PSA PSGC"", ""population_2024"": ""PSA 2024 POPCEN"", ""water_economics_fields"": ""Simulated for prototype only"", ""avg_household_size_2020_lgu"": ""PSA 2020 Census"", ""households_2024_estimated"": ""Derived estimate: 2024 barangay population / 2020 LGU average household size"", ""basic_domestic_demand"": ""Derived estimate using DPWH 55 L/person/day midpoint for Level II rural-water design"", ""nrw_design_assumption"": ""DPWH 15% NRW assumption for a new Level II system"", ""gross_production_requirement"": ""Derived estimate: net demand / (1 - 0.15)""}",https://psa.gov.ph/classification/psgc/barangays/0806005000,4.6,266,55,67265,0.0673,15,0.0791,253.0,269
Catbalogan City,City,Canhawan Gote,0806005013,Rural,340,13600,Lower-Middle,850,6.2,59,61,30.6,Mixed rural livelihood,High,4000,High,Target affordability support and improve service reliability,"{""barangay_name"": ""PSA PSGC"", ""psgc_code"": ""PSA PSGC"", ""urban_rural"": ""PSA PSGC"", ""population_2024"": ""PSA 2024 POPCEN"", ""water_economics_fields"": ""Simulated for prototype only"", ""avg_household_size_2020_lgu"": ""PSA 2020 Census"", ""households_2024_estimated"": ""Derived estimate: 2024 barangay population / 2020 LGU average household size"", ""basic_domestic_demand"": ""Derived estimate using DPWH 55 L/person/day midpoint for Level II rural-water design"", ""nrw_design_assumption"": ""DPWH 15% NRW assumption for a new Level II system"", ""gross_production_requirement"": ""Derived estimate: net demand / (1 - 0.15)""}",https://psa.gov.ph/classification/psgc/barangays/0806005000,4.6,74,55,18700,0.0187,15,0.022,253.0,75
Catbalogan City,City,Canlapwas,0806005014,Urban,11085,19100,Middle,560,2.9,90,81,1274.8,Public and private services,Low,233000,Low,"Maintain service and monitor demand, affordability, and reliability","{""barangay_name"": ""PSA PSGC"", ""psgc_code"": ""PSA PSGC"", ""urban_rural"": ""PSA PSGC"", ""population_2024"": ""PSA 2024 POPCEN"", ""water_economics_fields"": ""Simulated for prototype only"", ""avg_household_size_2020_lgu"": ""PSA 2020 Census"", ""households_2024_estimated"": ""Derived estimate: 2024 barangay population / 2020 LGU average household size"", ""basic_domestic_demand"": ""Derived estimate using DPWH 55 L/person/day midpoint for Level II rural-water design"", ""nrw_design_assumption"": ""DPWH 15% NRW assumption for a new Level II system"", ""gross_production_requirement"": ""Derived estimate: net demand / (1 - 0.15)""}",https://psa.gov.ph/classification/psgc/barangays/0806005000,4.6,2410,55,609675,0.6097,15,0.7173,253.0,2608
Catbalogan City,City,Cawayan,0806005015,Rural,110,14000,Lower-Middle,920,6.6,73,83,9.9,Agriculture and small-scale livelihood,Medium,1000,High,Target affordability support and improve service reliability,"{""barangay_name"": ""PSA PSGC"", ""psgc_code"": ""PSA PSGC"", ""urban_rural"": ""PSA PSGC"", ""population_2024"": ""PSA 2024 POPCEN"", ""water_economics_fields"": ""Simulated for prototype only"", ""avg_household_size_2020_lgu"": ""PSA 2020 Census"", ""households_2024_estimated"": ""Derived estimate: 2024 barangay population / 2020 LGU average household size"", ""basic_domestic_demand"": ""Derived estimate using DPWH 55 L/person/day midpoint for Level II rural-water design"", ""nrw_design_assumption"": ""DPWH 15% NRW assumption for a new Level II system"", ""gross_production_requirement"": ""Derived estimate: net demand / (1 - 0.15)""}",https://psa.gov.ph/classification/psgc/barangays/0806005000,4.6,24,55,6050,0.006,15,0.0071,253.0,24
Catbalogan City,City,Cinco,0806005016,Rural,813,14200,Lower-Middle,960,6.8,52,66,73.2,Fishing and agriculture,High,10000,High,Target affordability support and improve service reliability,"{""barangay_name"": ""PSA PSGC"", ""psgc_code"": ""PSA PSGC"", ""urban_rural"": ""PSA PSGC"", ""population_2024"": ""PSA 2024 POPCEN"", ""water_economics_fields"": ""Simulated for prototype only"", ""avg_household_size_2020_lgu"": ""PSA 2020 Census"", ""households_2024_estimated"": ""Derived estimate: 2024 barangay population / 2020 LGU average household size"", ""basic_domestic_demand"": ""Derived estimate using DPWH 55 L/person/day midpoint for Level II rural-water design"", ""nrw_design_assumption"": ""DPWH 15% NRW assumption for a new Level II system"", ""gross_production_requirement"": ""Derived estimate: net demand / (1 - 0.15)""}",https://psa.gov.ph/classification/psgc/barangays/0806005000,4.6,177,55,44715,0.0447,15,0.0526,253.0,179
Catbalogan City,City,Darahuway Daco,0806005017,Rural,849,14300,Lower-Middle,700,4.9,59,77,76.4,Agriculture and local services,Medium,11000,High,"Prioritize reliability, access, and shortage-resilience improvements","{""barangay_name"": ""PSA PSGC"", ""psgc_code"": ""PSA PSGC"", ""urban_rural"": ""PSA PSGC"", ""population_2024"": ""PSA 2024 POPCEN"", ""water_economics_fields"": ""Simulated for prototype only"", ""avg_household_size_2020_lgu"": ""PSA 2020 Census"", ""households_2024_estimated"": ""Derived estimate: 2024 barangay population / 2020 LGU average household size"", ""basic_domestic_demand"": ""Derived estimate using DPWH 55 L/person/day midpoint for Level II rural-water design"", ""nrw_design_assumption"": ""DPWH 15% NRW assumption for a new Level II system"", ""gross_production_requirement"": ""Derived estimate: net demand / (1 - 0.15)""}",https://psa.gov.ph/classification/psgc/barangays/0806005000,4.6,185,55,46695,0.0467,15,0.0549,253.0,187
Catbalogan City,City,Darahuway Gote,0806005018,Rural,716,14500,Lower-Middle,740,5.1,66,60,64.4,Mixed rural livelihood,Medium,9000,High,"Prioritize reliability, access, and shortage-resilience improvements","{""barangay_name"": ""PSA PSGC"", ""psgc_code"": ""PSA PSGC"", ""urban_rural"": ""PSA PSGC"", ""population_2024"": ""PSA 2024 POPCEN"", ""water_economics_fields"": ""Simulated for prototype only"", ""avg_household_size_2020_lgu"": ""PSA 2020 Census"", ""households_2024_estimated"": ""Derived estimate: 2024 barangay population / 2020 LGU average household size"", ""basic_domestic_demand"": ""Derived estimate using DPWH 55 L/person/day midpoint for Level II rural-water design"", ""nrw_design_assumption"": ""DPWH 15% NRW assumption for a new Level II system"", ""gross_production_requirement"": ""Derived estimate: net demand / (1 - 0.15)""}",https://psa.gov.ph/classification/psgc/barangays/0806005000,4.6,156,55,39380,0.0394,15,0.0463,253.0,157
Catbalogan City,City,Estaka,0806005019,Rural,1161,14700,Lower-Middle,770,5.2,73,71,104.5,"Fishing, farming, and microenterprise",Medium,15000,Medium,Monitor demand and strengthen reliability where cost-effective,"{""barangay_name"": ""PSA PSGC"", ""psgc_code"": ""PSA PSGC"", ""urban_rural"": ""PSA PSGC"", ""population_2024"": ""PSA 2024 POPCEN"", ""water_economics_fields"": ""Simulated for prototype only"", ""avg_household_size_2020_lgu"": ""PSA 2020 Census"", ""households_2024_estimated"": ""Derived estimate: 2024 barangay population / 2020 LGU average household size"", ""basic_domestic_demand"": ""Derived estimate using DPWH 55 L/person/day midpoint for Level II rural-water design"", ""nrw_design_assumption"": ""DPWH 15% NRW assumption for a new Level II system"", ""gross_production_requirement"": ""Derived estimate: net demand / (1 - 0.15)""}",https://psa.gov.ph/classification/psgc/barangays/0806005000,4.6,252,55,63855,0.0639,15,0.0751,253.0,255
Catbalogan City,City,Guinsorongan,0806005020,Rural,4490,14900,Lower-Middle,810,5.4,52,82,404.1,Agriculture and small-scale livelihood,Medium,57000,High,"Prioritize reliability, access, and shortage-resilience improvements","{""barangay_name"": ""PSA PSGC"", ""psgc_code"": ""PSA PSGC"", ""urban_rural"": ""PSA PSGC"", ""population_2024"": ""PSA 2024 POPCEN"", ""water_economics_fields"": ""Simulated for prototype only"", ""avg_household_size_2020_lgu"": ""PSA 2020 Census"", ""households_2024_estimated"": ""Derived estimate: 2024 barangay population / 2020 LGU average household size"", ""basic_domestic_demand"": ""Derived estimate using DPWH 55 L/person/day midpoint for Level II rural-water design"", ""nrw_design_assumption"": ""DPWH 15% NRW assumption for a new Level II system"", ""gross_production_requirement"": ""Derived estimate: net demand / (1 - 0.15)""}",https://psa.gov.ph/classification/psgc/barangays/0806005000,4.6,976,55,246950,0.247,15,0.2905,253.0,987
Catbalogan City,City,Iguid,0806005021,Rural,1999,15000,Lower-Middle,850,5.7,59,65,179.9,Fishing and agriculture,High,26000,High,"Prioritize reliability, access, and shortage-resilience improvements","{""barangay_name"": ""PSA PSGC"", ""psgc_code"": ""PSA PSGC"", ""urban_rural"": ""PSA PSGC"", ""population_2024"": ""PSA 2024 POPCEN"", ""water_economics_fields"": ""Simulated for prototype only"", ""avg_household_size_2020_lgu"": ""PSA 2020 Census"", ""households_2024_estimated"": ""Derived estimate: 2024 barangay population / 2020 LGU average household size"", ""basic_domestic_demand"": ""Derived estimate using DPWH 55 L/person/day midpoint for Level II rural-water design"", ""nrw_design_assumption"": ""DPWH 15% NRW assumption for a new Level II system"", ""gross_production_requirement"": ""Derived estimate: net demand / (1 - 0.15)""}",https://psa.gov.ph/classification/psgc/barangays/0806005000,4.6,435,55,109945,0.1099,15,0.1293,253.0,439
Catbalogan City,City,Lagundi,0806005022,Rural,1067,15200,Lower-Middle,880,5.8,66,76,96.0,Agriculture and local services,Medium,14000,High,"Prioritize reliability, access, and shortage-resilience improvements","{""barangay_name"": ""PSA PSGC"", ""psgc_code"": ""PSA PSGC"", ""urban_rural"": ""PSA PSGC"", ""population_2024"": ""PSA 2024 POPCEN"", ""water_economics_fields"": ""Simulated for prototype only"", ""avg_household_size_2020_lgu"": ""PSA 2020 Census"", ""households_2024_estimated"": ""Derived estimate: 2024 barangay population / 2020 LGU average household size"", ""basic_domestic_demand"": ""Derived estimate using DPWH 55 L/person/day midpoint for Level II rural-water design"", ""nrw_design_assumption"": ""DPWH 15% NRW assumption for a new Level II system"", ""gross_production_requirement"": ""Derived estimate: net demand / (1 - 0.15)""}",https://psa.gov.ph/classification/psgc/barangays/0806005000,4.6,232,55,58685,0.0587,15,0.069,253.0,235
Catbalogan City,City,Libas,0806005023,Rural,283,15400,Lower-Middle,920,6.0,73,59,25.5,Mixed rural livelihood,High,4000,High,Target affordability support and improve service reliability,"{""barangay_name"": ""PSA PSGC"", ""psgc_code"": ""PSA PSGC"", ""urban_rural"": ""PSA PSGC"", ""population_2024"": ""PSA 2024 POPCEN"", ""water_economics_fields"": ""Simulated for prototype only"", ""avg_household_size_2020_lgu"": ""PSA 2020 Census"", ""households_2024_estimated"": ""Derived estimate: 2024 barangay population / 2020 LGU average household size"", ""basic_domestic_demand"": ""Derived estimate using DPWH 55 L/person/day midpoint for Level II rural-water design"", ""nrw_design_assumption"": ""DPWH 15% NRW assumption for a new Level II system"", ""gross_production_requirement"": ""Derived estimate: net demand / (1 - 0.15)""}",https://psa.gov.ph/classification/psgc/barangays/0806005000,4.6,62,55,15565,0.0156,15,0.0183,253.0,62
Catbalogan City,City,Lobo,0806005024,Rural,200,15600,Middle,960,6.2,52,70,18.0,"Fishing, farming, and microenterprise",High,3000,High,Target affordability support and improve service reliability,"{""barangay_name"": ""PSA PSGC"", ""psgc_code"": ""PSA PSGC"", ""urban_rural"": ""PSA PSGC"", ""population_2024"": ""PSA 2024 POPCEN"", ""water_economics_fields"": ""Simulated for prototype only"", ""avg_household_size_2020_lgu"": ""PSA 2020 Census"", ""households_2024_estimated"": ""Derived estimate: 2024 barangay population / 2020 LGU average household size"", ""basic_domestic_demand"": ""Derived estimate using DPWH 55 L/person/day midpoint for Level II rural-water design"", ""nrw_design_assumption"": ""DPWH 15% NRW assumption for a new Level II system"", ""gross_production_requirement"": ""Derived estimate: net demand / (1 - 0.15)""}",https://psa.gov.ph/classification/psgc/barangays/0806005000,4.6,43,55,11000,0.011,15,0.0129,253.0,44
Catbalogan City,City,Manguehay,0806005025,Rural,166,15700,Middle,700,4.5,59,81,14.9,Agriculture and small-scale livelihood,Low,2000,High,"Prioritize reliability, access, and shortage-resilience improvements","{""barangay_name"": ""PSA PSGC"", ""psgc_code"": ""PSA PSGC"", ""urban_rural"": ""PSA PSGC"", ""population_2024"": ""PSA 2024 POPCEN"", ""water_economics_fields"": ""Simulated for prototype only"", ""avg_household_size_2020_lgu"": ""PSA 2020 Census"", ""households_2024_estimated"": ""Derived estimate: 2024 barangay population / 2020 LGU average household size"", ""basic_domestic_demand"": ""Derived estimate using DPWH 55 L/person/day midpoint for Level II rural-water design"", ""nrw_design_assumption"": ""DPWH 15% NRW assumption for a new Level II system"", ""gross_production_requirement"": ""Derived estimate: net demand / (1 - 0.15)""}",https://psa.gov.ph/classification/psgc/barangays/0806005000,4.6,36,55,9130,0.0091,15,0.0107,253.0,36
Catbalogan City,City,Maulong,0806005026,Urban,6314,21200,Upper-Middle,520,2.5,84,94,726.1,Small business and services,Low,143000,Low,"Maintain service and monitor demand, affordability, and reliability","{""barangay_name"": ""PSA PSGC"", ""psgc_code"": ""PSA PSGC"", ""urban_rural"": ""PSA PSGC"", ""population_2024"": ""PSA 2024 POPCEN"", ""water_economics_fields"": ""Simulated for prototype only"", ""avg_household_size_2020_lgu"": ""PSA 2020 Census"", ""households_2024_estimated"": ""Derived estimate: 2024 barangay population / 2020 LGU average household size"", ""basic_domestic_demand"": ""Derived estimate using DPWH 55 L/person/day midpoint for Level II rural-water design"", ""nrw_design_assumption"": ""DPWH 15% NRW assumption for a new Level II system"", ""gross_production_requirement"": ""Derived estimate: net demand / (1 - 0.15)""}",https://psa.gov.ph/classification/psgc/barangays/0806005000,4.6,1373,55,347270,0.3473,15,0.4086,253.0,1486
Catbalogan City,City,Mercedes,0806005027,Urban,12964,21400,Upper-Middle,560,2.6,91,88,1490.9,"Transport, retail, and services",Low,295000,Low,"Maintain service and monitor demand, affordability, and reliability","{""barangay_name"": ""PSA PSGC"", ""psgc_code"": ""PSA PSGC"", ""urban_rural"": ""PSA PSGC"", ""population_2024"": ""PSA 2024 POPCEN"", ""water_economics_fields"": ""Simulated for prototype only"", ""avg_household_size_2020_lgu"": ""PSA 2020 Census"", ""households_2024_estimated"": ""Derived estimate: 2024 barangay population / 2020 LGU average household size"", ""basic_domestic_demand"": ""Derived estimate using DPWH 55 L/person/day midpoint for Level II rural-water design"", ""nrw_design_assumption"": ""DPWH 15% NRW assumption for a new Level II system"", ""gross_production_requirement"": ""Derived estimate: net demand / (1 - 0.15)""}",https://psa.gov.ph/classification/psgc/barangays/0806005000,4.6,2818,55,713020,0.713,15,0.8388,253.0,3050
Catbalogan City,City,Mombon,0806005028,Rural,983,16200,Middle,810,5.0,52,58,88.5,Mixed rural livelihood,High,13000,High,Target affordability support and improve service reliability,"{""barangay_name"": ""PSA PSGC"", ""psgc_code"": ""PSA PSGC"", ""urban_rural"": ""PSA PSGC"", ""population_2024"": ""PSA 2024 POPCEN"", ""water_economics_fields"": ""Simulated for prototype only"", ""avg_household_size_2020_lgu"": ""PSA 2020 Census"", ""households_2024_estimated"": ""Derived estimate: 2024 barangay population / 2020 LGU average household size"", ""basic_domestic_demand"": ""Derived estimate using DPWH 55 L/person/day midpoint for Level II rural-water design"", ""nrw_design_assumption"": ""DPWH 15% NRW assumption for a new Level II system"", ""gross_production_requirement"": ""Derived estimate: net demand / (1 - 0.15)""}",https://psa.gov.ph/classification/psgc/barangays/0806005000,4.6,214,55,54065,0.0541,15,0.0636,253.0,216
Catbalogan City,City,New Mahayag,0806005029,Rural,1425,16400,Middle,840,5.1,59,69,128.2,"Fishing, farming, and microenterprise",Medium,19000,High,"Prioritize reliability, access, and shortage-resilience improvements","{""barangay_name"": ""PSA PSGC"", ""psgc_code"": ""PSA PSGC"", ""urban_rural"": ""PSA PSGC"", ""population_2024"": ""PSA 2024 POPCEN"", ""water_economics_fields"": ""Simulated for prototype only"", ""avg_household_size_2020_lgu"": ""PSA 2020 Census"", ""households_2024_estimated"": ""Derived estimate: 2024 barangay population / 2020 LGU average household size"", ""basic_domestic_demand"": ""Derived estimate using DPWH 55 L/person/day midpoint for Level II rural-water design"", ""nrw_design_assumption"": ""DPWH 15% NRW assumption for a new Level II system"", ""gross_production_requirement"": ""Derived estimate: net demand / (1 - 0.15)""}",https://psa.gov.ph/classification/psgc/barangays/0806005000,4.6,310,55,78375,0.0784,15,0.0922,253.0,313
Catbalogan City,City,Old Mahayag,0806005030,Rural,1505,16600,Middle,880,5.3,66,80,135.4,Agriculture and small-scale livelihood,Medium,21000,High,"Prioritize reliability, access, and shortage-resilience improvements","{""barangay_name"": ""PSA PSGC"", ""psgc_code"": ""PSA PSGC"", ""urban_rural"": ""PSA PSGC"", ""population_2024"": ""PSA 2024 POPCEN"", ""water_economics_fields"": ""Simulated for prototype only"", ""avg_household_size_2020_lgu"": ""PSA 2020 Census"", ""households_2024_estimated"": ""Derived estimate: 2024 barangay population / 2020 LGU average household size"", ""basic_domestic_demand"": ""Derived estimate using DPWH 55 L/person/day midpoint for Level II rural-water design"", ""nrw_design_assumption"": ""DPWH 15% NRW assumption for a new Level II system"", ""gross_production_requirement"": ""Derived estimate: net demand / (1 - 0.15)""}",https://psa.gov.ph/classification/psgc/barangays/0806005000,4.6,327,55,82775,0.0828,15,0.0974,253.0,331
Catbalogan City,City,Palanyogon,0806005031,Rural,335,11600,Low Income,920,7.9,73,63,30.1,Fishing and agriculture,High,4000,High,Target affordability support and improve service reliability,"{""barangay_name"": ""PSA PSGC"", ""psgc_code"": ""PSA PSGC"", ""urban_rural"": ""PSA PSGC"", ""population_2024"": ""PSA 2024 POPCEN"", ""water_economics_fields"": ""Simulated for prototype only"", ""avg_household_size_2020_lgu"": ""PSA 2020 Census"", ""households_2024_estimated"": ""Derived estimate: 2024 barangay population / 2020 LGU average household size"", ""basic_domestic_demand"": ""Derived estimate using DPWH 55 L/person/day midpoint for Level II rural-water design"", ""nrw_design_assumption"": ""DPWH 15% NRW assumption for a new Level II system"", ""gross_production_requirement"": ""Derived estimate: net demand / (1 - 0.15)""}",https://psa.gov.ph/classification/psgc/barangays/0806005000,4.6,73,55,18425,0.0184,15,0.0217,253.0,74
Catbalogan City,City,Pangdan,0806005032,Rural,3391,11700,Low Income,950,8.1,52,74,305.2,Agriculture and local services,High,37000,High,Target affordability support and improve service reliability,"{""barangay_name"": ""PSA PSGC"", ""psgc_code"": ""PSA PSGC"", ""urban_rural"": ""PSA PSGC"", ""population_2024"": ""PSA 2024 POPCEN"", ""water_economics_fields"": ""Simulated for prototype only"", ""avg_household_size_2020_lgu"": ""PSA 2020 Census"", ""households_2024_estimated"": ""Derived estimate: 2024 barangay population / 2020 LGU average household size"", ""basic_domestic_demand"": ""Derived estimate using DPWH 55 L/person/day midpoint for Level II rural-water design"", ""nrw_design_assumption"": ""DPWH 15% NRW assumption for a new Level II system"", ""gross_production_requirement"": ""Derived estimate: net demand / (1 - 0.15)""}",https://psa.gov.ph/classification/psgc/barangays/0806005000,4.6,737,55,186505,0.1865,15,0.2194,253.0,745
Catbalogan City,City,Payao,0806005033,Rural,2173,11900,Low Income,690,5.8,59,85,195.6,Mixed rural livelihood,Medium,24000,High,"Prioritize reliability, access, and shortage-resilience improvements","{""barangay_name"": ""PSA PSGC"", ""psgc_code"": ""PSA PSGC"", ""urban_rural"": ""PSA PSGC"", ""population_2024"": ""PSA 2024 POPCEN"", ""water_economics_fields"": ""Simulated for prototype only"", ""avg_household_size_2020_lgu"": ""PSA 2020 Census"", ""households_2024_estimated"": ""Derived estimate: 2024 barangay population / 2020 LGU average household size"", ""basic_domestic_demand"": ""Derived estimate using DPWH 55 L/person/day midpoint for Level II rural-water design"", ""nrw_design_assumption"": ""DPWH 15% NRW assumption for a new Level II system"", ""gross_production_requirement"": ""Derived estimate: net demand / (1 - 0.15)""}",https://psa.gov.ph/classification/psgc/barangays/0806005000,4.6,472,55,119515,0.1195,15,0.1406,253.0,478
Catbalogan City,City,Poblacion 1,0806005034,Urban,1222,17400,Middle,580,3.3,95,80,140.5,Public and private services,Low,24000,Low,"Maintain service and monitor demand, affordability, and reliability","{""barangay_name"": ""PSA PSGC"", ""psgc_code"": ""PSA PSGC"", ""urban_rural"": ""PSA PSGC"", ""population_2024"": ""PSA 2024 POPCEN"", ""water_economics_fields"": ""Simulated for prototype only"", ""avg_household_size_2020_lgu"": ""PSA 2020 Census"", ""households_2024_estimated"": ""Derived estimate: 2024 barangay population / 2020 LGU average household size"", ""basic_domestic_demand"": ""Derived estimate using DPWH 55 L/person/day midpoint for Level II rural-water design"", ""nrw_design_assumption"": ""DPWH 15% NRW assumption for a new Level II system"", ""gross_production_requirement"": ""Derived estimate: net demand / (1 - 0.15)""}",https://psa.gov.ph/classification/psgc/barangays/0806005000,4.6,266,55,67210,0.0672,15,0.0791,253.0,288
Catbalogan City,City,Poblacion 2,0806005035,Urban,812,17600,Middle,620,3.5,87,91,93.4,Retail and services,Low,16000,Low,"Maintain service and monitor demand, affordability, and reliability","{""barangay_name"": ""PSA PSGC"", ""psgc_code"": ""PSA PSGC"", ""urban_rural"": ""PSA PSGC"", ""population_2024"": ""PSA 2024 POPCEN"", ""water_economics_fields"": ""Simulated for prototype only"", ""avg_household_size_2020_lgu"": ""PSA 2020 Census"", ""households_2024_estimated"": ""Derived estimate: 2024 barangay population / 2020 LGU average household size"", ""basic_domestic_demand"": ""Derived estimate using DPWH 55 L/person/day midpoint for Level II rural-water design"", ""nrw_design_assumption"": ""DPWH 15% NRW assumption for a new Level II system"", ""gross_production_requirement"": ""Derived estimate: net demand / (1 - 0.15)""}",https://psa.gov.ph/classification/psgc/barangays/0806005000,4.6,177,55,44660,0.0447,15,0.0525,253.0,191
Catbalogan City,City,Poblacion 3,0806005036,Urban,3002,17700,Middle,650,3.7,94,85,345.2,Small business and services,Low,60000,Low,"Maintain service and monitor demand, affordability, and reliability","{""barangay_name"": ""PSA PSGC"", ""psgc_code"": ""PSA PSGC"", ""urban_rural"": ""PSA PSGC"", ""population_2024"": ""PSA 2024 POPCEN"", ""water_economics_fields"": ""Simulated for prototype only"", ""avg_household_size_2020_lgu"": ""PSA 2020 Census"", ""households_2024_estimated"": ""Derived estimate: 2024 barangay population / 2020 LGU average household size"", ""basic_domestic_demand"": ""Derived estimate using DPWH 55 L/person/day midpoint for Level II rural-water design"", ""nrw_design_assumption"": ""DPWH 15% NRW assumption for a new Level II system"", ""gross_production_requirement"": ""Derived estimate: net demand / (1 - 0.15)""}",https://psa.gov.ph/classification/psgc/barangays/0806005000,4.6,653,55,165110,0.1651,15,0.1942,253.0,706
Catbalogan City,City,Poblacion 4,0806005037,Urban,1094,17900,Middle,690,3.9,86,96,125.8,"Transport, retail, and services",Low,22000,Low,"Maintain service and monitor demand, affordability, and reliability","{""barangay_name"": ""PSA PSGC"", ""psgc_code"": ""PSA PSGC"", ""urban_rural"": ""PSA PSGC"", ""population_2024"": ""PSA 2024 POPCEN"", ""water_economics_fields"": ""Simulated for prototype only"", ""avg_household_size_2020_lgu"": ""PSA 2020 Census"", ""households_2024_estimated"": ""Derived estimate: 2024 barangay population / 2020 LGU average household size"", ""basic_domestic_demand"": ""Derived estimate using DPWH 55 L/person/day midpoint for Level II rural-water design"", ""nrw_design_assumption"": ""DPWH 15% NRW assumption for a new Level II system"", ""gross_production_requirement"": ""Derived estimate: net demand / (1 - 0.15)""}",https://psa.gov.ph/classification/psgc/barangays/0806005000,4.6,238,55,60170,0.0602,15,0.0708,253.0,257
Catbalogan City,City,Poblacion 5,0806005038,Urban,530,18100,Middle,730,4.0,93,90,61.0,Mixed urban livelihood,Low,11000,Low,"Maintain service and monitor demand, affordability, and reliability","{""barangay_name"": ""PSA PSGC"", ""psgc_code"": ""PSA PSGC"", ""urban_rural"": ""PSA PSGC"", ""population_2024"": ""PSA 2024 POPCEN"", ""water_economics_fields"": ""Simulated for prototype only"", ""avg_household_size_2020_lgu"": ""PSA 2020 Census"", ""households_2024_estimated"": ""Derived estimate: 2024 barangay population / 2020 LGU average household size"", ""basic_domestic_demand"": ""Derived estimate using DPWH 55 L/person/day midpoint for Level II rural-water design"", ""nrw_design_assumption"": ""DPWH 15% NRW assumption for a new Level II system"", ""gross_production_requirement"": ""Derived estimate: net demand / (1 - 0.15)""}",https://psa.gov.ph/classification/psgc/barangays/0806005000,4.6,115,55,29150,0.0291,15,0.0343,253.0,125
Catbalogan City,City,Poblacion 6,0806005039,Urban,635,18200,Middle,520,2.9,85,84,73.0,Public and private services,Low,13000,Low,"Maintain service and monitor demand, affordability, and reliability","{""barangay_name"": ""PSA PSGC"", ""psgc_code"": ""PSA PSGC"", ""urban_rural"": ""PSA PSGC"", ""population_2024"": ""PSA 2024 POPCEN"", ""water_economics_fields"": ""Simulated for prototype only"", ""avg_household_size_2020_lgu"": ""PSA 2020 Census"", ""households_2024_estimated"": ""Derived estimate: 2024 barangay population / 2020 LGU average household size"", ""basic_domestic_demand"": ""Derived estimate using DPWH 55 L/person/day midpoint for Level II rural-water design"", ""nrw_design_assumption"": ""DPWH 15% NRW assumption for a new Level II system"", ""gross_production_requirement"": ""Derived estimate: net demand / (1 - 0.15)""}",https://psa.gov.ph/classification/psgc/barangays/0806005000,4.6,138,55,34925,0.0349,15,0.0411,253.0,149
Catbalogan City,City,Poblacion 7,0806005040,Urban,1456,18400,Middle,560,3.0,92,95,167.4,Retail and services,Low,30000,Low,"Maintain service and monitor demand, affordability, and reliability","{""barangay_name"": ""PSA PSGC"", ""psgc_code"": ""PSA PSGC"", ""urban_rural"": ""PSA PSGC"", ""population_2024"": ""PSA 2024 POPCEN"", ""water_economics_fields"": ""Simulated for prototype only"", ""avg_household_size_2020_lgu"": ""PSA 2020 Census"", ""households_2024_estimated"": ""Derived estimate: 2024 barangay population / 2020 LGU average household size"", ""basic_domestic_demand"": ""Derived estimate using DPWH 55 L/person/day midpoint for Level II rural-water design"", ""nrw_design_assumption"": ""DPWH 15% NRW assumption for a new Level II system"", ""gross_production_requirement"": ""Derived estimate: net demand / (1 - 0.15)""}",https://psa.gov.ph/classification/psgc/barangays/0806005000,4.6,317,55,80080,0.0801,15,0.0942,253.0,343
Catbalogan City,City,Poblacion 8,0806005041,Urban,1266,18600,Middle,600,3.2,84,89,145.6,Small business and services,Low,26000,Low,"Maintain service and monitor demand, affordability, and reliability","{""barangay_name"": ""PSA PSGC"", ""psgc_code"": ""PSA PSGC"", ""urban_rural"": ""PSA PSGC"", ""population_2024"": ""PSA 2024 POPCEN"", ""water_economics_fields"": ""Simulated for prototype only"", ""avg_household_size_2020_lgu"": ""PSA 2020 Census"", ""households_2024_estimated"": ""Derived estimate: 2024 barangay population / 2020 LGU average household size"", ""basic_domestic_demand"": ""Derived estimate using DPWH 55 L/person/day midpoint for Level II rural-water design"", ""nrw_design_assumption"": ""DPWH 15% NRW assumption for a new Level II system"", ""gross_production_requirement"": ""Derived estimate: net demand / (1 - 0.15)""}",https://psa.gov.ph/classification/psgc/barangays/0806005000,4.6,275,55,69630,0.0696,15,0.0819,253.0,298
Catbalogan City,City,Poblacion 9,0806005042,Rural,3095,13500,Lower-Middle,720,5.3,66,72,278.6,Agriculture and local services,Medium,37000,High,"Prioritize reliability, access, and shortage-resilience improvements","{""barangay_name"": ""PSA PSGC"", ""psgc_code"": ""PSA PSGC"", ""urban_rural"": ""PSA PSGC"", ""population_2024"": ""PSA 2024 POPCEN"", ""water_economics_fields"": ""Simulated for prototype only"", ""avg_household_size_2020_lgu"": ""PSA 2020 Census"", ""households_2024_estimated"": ""Derived estimate: 2024 barangay population / 2020 LGU average household size"", ""basic_domestic_demand"": ""Derived estimate using DPWH 55 L/person/day midpoint for Level II rural-water design"", ""nrw_design_assumption"": ""DPWH 15% NRW assumption for a new Level II system"", ""gross_production_requirement"": ""Derived estimate: net demand / (1 - 0.15)""}",https://psa.gov.ph/classification/psgc/barangays/0806005000,4.6,673,55,170225,0.1702,15,0.2003,253.0,680
Catbalogan City,City,Poblacion 10,0806005043,Rural,1885,13600,Lower-Middle,760,5.6,73,83,169.7,Mixed rural livelihood,Medium,23000,Medium,Monitor demand and strengthen reliability where cost-effective,"{""barangay_name"": ""PSA PSGC"", ""psgc_code"": ""PSA PSGC"", ""urban_rural"": ""PSA PSGC"", ""population_2024"": ""PSA 2024 POPCEN"", ""water_economics_fields"": ""Simulated for prototype only"", ""avg_household_size_2020_lgu"": ""PSA 2020 Census"", ""households_2024_estimated"": ""Derived estimate: 2024 barangay population / 2020 LGU average household size"", ""basic_domestic_demand"": ""Derived estimate using DPWH 55 L/person/day midpoint for Level II rural-water design"", ""nrw_design_assumption"": ""DPWH 15% NRW assumption for a new Level II system"", ""gross_production_requirement"": ""Derived estimate: net demand / (1 - 0.15)""}",https://psa.gov.ph/classification/psgc/barangays/0806005000,4.6,410,55,103675,0.1037,15,0.122,253.0,414
Catbalogan City,City,Poblacion 11,0806005044,Rural,907,13800,Lower-Middle,800,5.8,52,66,81.6,"Fishing, farming, and microenterprise",High,11000,High,"Prioritize reliability, access, and shortage-resilience improvements","{""barangay_name"": ""PSA PSGC"", ""psgc_code"": ""PSA PSGC"", ""urban_rural"": ""PSA PSGC"", ""population_2024"": ""PSA 2024 POPCEN"", ""water_economics_fields"": ""Simulated for prototype only"", ""avg_household_size_2020_lgu"": ""PSA 2020 Census"", ""households_2024_estimated"": ""Derived estimate: 2024 barangay population / 2020 LGU average household size"", ""basic_domestic_demand"": ""Derived estimate using DPWH 55 L/person/day midpoint for Level II rural-water design"", ""nrw_design_assumption"": ""DPWH 15% NRW assumption for a new Level II system"", ""gross_production_requirement"": ""Derived estimate: net demand / (1 - 0.15)""}",https://psa.gov.ph/classification/psgc/barangays/0806005000,4.6,197,55,49885,0.0499,15,0.0587,253.0,199
Catbalogan City,City,Poblacion 12,0806005045,Rural,628,14000,Lower-Middle,840,6.0,59,77,56.5,Agriculture and small-scale livelihood,Medium,8000,High,Target affordability support and improve service reliability,"{""barangay_name"": ""PSA PSGC"", ""psgc_code"": ""PSA PSGC"", ""urban_rural"": ""PSA PSGC"", ""population_2024"": ""PSA 2024 POPCEN"", ""water_economics_fields"": ""Simulated for prototype only"", ""avg_household_size_2020_lgu"": ""PSA 2020 Census"", ""households_2024_estimated"": ""Derived estimate: 2024 barangay population / 2020 LGU average household size"", ""basic_domestic_demand"": ""Derived estimate using DPWH 55 L/person/day midpoint for Level II rural-water design"", ""nrw_design_assumption"": ""DPWH 15% NRW assumption for a new Level II system"", ""gross_production_requirement"": ""Derived estimate: net demand / (1 - 0.15)""}",https://psa.gov.ph/classification/psgc/barangays/0806005000,4.6,137,55,34540,0.0345,15,0.0406,253.0,138
Catbalogan City,City,Poblacion 13,0806005046,Rural,4777,14200,Lower-Middle,870,6.1,66,60,429.9,Fishing and agriculture,High,59000,High,Target affordability support and improve service reliability,"{""barangay_name"": ""PSA PSGC"", ""psgc_code"": ""PSA PSGC"", ""urban_rural"": ""PSA PSGC"", ""population_2024"": ""PSA 2024 POPCEN"", ""water_economics_fields"": ""Simulated for prototype only"", ""avg_household_size_2020_lgu"": ""PSA 2020 Census"", ""households_2024_estimated"": ""Derived estimate: 2024 barangay population / 2020 LGU average household size"", ""basic_domestic_demand"": ""Derived estimate using DPWH 55 L/person/day midpoint for Level II rural-water design"", ""nrw_design_assumption"": ""DPWH 15% NRW assumption for a new Level II system"", ""gross_production_requirement"": ""Derived estimate: net demand / (1 - 0.15)""}",https://psa.gov.ph/classification/psgc/barangays/0806005000,4.6,1038,55,262735,0.2627,15,0.3091,253.0,1050
Catbalogan City,City,Muñoz,0806005047,Rural,1522,14300,Lower-Middle,910,6.4,73,71,137.0,Agriculture and local services,Medium,19000,High,Target affordability support and improve service reliability,"{""barangay_name"": ""PSA PSGC"", ""psgc_code"": ""PSA PSGC"", ""urban_rural"": ""PSA PSGC"", ""population_2024"": ""PSA 2024 POPCEN"", ""water_economics_fields"": ""Simulated for prototype only"", ""avg_household_size_2020_lgu"": ""PSA 2020 Census"", ""households_2024_estimated"": ""Derived estimate: 2024 barangay population / 2020 LGU average household size"", ""basic_domestic_demand"": ""Derived estimate using DPWH 55 L/person/day midpoint for Level II rural-water design"", ""nrw_design_assumption"": ""DPWH 15% NRW assumption for a new Level II system"", ""gross_production_requirement"": ""Derived estimate: net demand / (1 - 0.15)""}",https://psa.gov.ph/classification/psgc/barangays/0806005000,4.6,331,55,83710,0.0837,15,0.0985,253.0,335
Catbalogan City,City,Pupua,0806005048,Rural,1659,14500,Lower-Middle,950,6.6,52,82,149.3,Mixed rural livelihood,High,21000,High,Target affordability support and improve service reliability,"{""barangay_name"": ""PSA PSGC"", ""psgc_code"": ""PSA PSGC"", ""urban_rural"": ""PSA PSGC"", ""population_2024"": ""PSA 2024 POPCEN"", ""water_economics_fields"": ""Simulated for prototype only"", ""avg_household_size_2020_lgu"": ""PSA 2020 Census"", ""households_2024_estimated"": ""Derived estimate: 2024 barangay population / 2020 LGU average household size"", ""basic_domestic_demand"": ""Derived estimate using DPWH 55 L/person/day midpoint for Level II rural-water design"", ""nrw_design_assumption"": ""DPWH 15% NRW assumption for a new Level II system"", ""gross_production_requirement"": ""Derived estimate: net demand / (1 - 0.15)""}",https://psa.gov.ph/classification/psgc/barangays/0806005000,4.6,361,55,91245,0.0912,15,0.1073,253.0,365
Catbalogan City,City,Guindaponan,0806005049,Rural,3551,14700,Lower-Middle,680,4.6,59,65,319.6,"Fishing, farming, and microenterprise",Medium,45000,High,"Prioritize reliability, access, and shortage-resilience improvements","{""barangay_name"": ""PSA PSGC"", ""psgc_code"": ""PSA PSGC"", ""urban_rural"": ""PSA PSGC"", ""population_2024"": ""PSA 2024 POPCEN"", ""water_economics_fields"": ""Simulated for prototype only"", ""avg_household_size_2020_lgu"": ""PSA 2020 Census"", ""households_2024_estimated"": ""Derived estimate: 2024 barangay population / 2020 LGU average household size"", ""basic_domestic_demand"": ""Derived estimate using DPWH 55 L/person/day midpoint for Level II rural-water design"", ""nrw_design_assumption"": ""DPWH 15% NRW assumption for a new Level II system"", ""gross_production_requirement"": ""Derived estimate: net demand / (1 - 0.15)""}",https://psa.gov.ph/classification/psgc/barangays/0806005000,4.6,772,55,195305,0.1953,15,0.2298,253.0,780
Catbalogan City,City,Rama,0806005050,Rural,1781,14800,Lower-Middle,720,4.9,66,76,160.3,Agriculture and small-scale livelihood,Low,23000,High,"Prioritize reliability, access, and shortage-resilience improvements","{""barangay_name"": ""PSA PSGC"", ""psgc_code"": ""PSA PSGC"", ""urban_rural"": ""PSA PSGC"", ""population_2024"": ""PSA 2024 POPCEN"", ""water_economics_fields"": ""Simulated for prototype only"", ""avg_household_size_2020_lgu"": ""PSA 2020 Census"", ""households_2024_estimated"": ""Derived estimate: 2024 barangay population / 2020 LGU average household size"", ""basic_domestic_demand"": ""Derived estimate using DPWH 55 L/person/day midpoint for Level II rural-water design"", ""nrw_design_assumption"": ""DPWH 15% NRW assumption for a new Level II system"", ""gross_production_requirement"": ""Derived estimate: net demand / (1 - 0.15)""}",https://psa.gov.ph/classification/psgc/barangays/0806005000,4.6,387,55,97955,0.098,15,0.1152,253.0,391
Catbalogan City,City,San Andres,0806005051,Urban,6042,20300,Upper-Middle,730,3.6,94,80,694.8,Small business and services,Low,132000,Low,"Maintain service and monitor demand, affordability, and reliability","{""barangay_name"": ""PSA PSGC"", ""psgc_code"": ""PSA PSGC"", ""urban_rural"": ""PSA PSGC"", ""population_2024"": ""PSA 2024 POPCEN"", ""water_economics_fields"": ""Simulated for prototype only"", ""avg_household_size_2020_lgu"": ""PSA 2020 Census"", ""households_2024_estimated"": ""Derived estimate: 2024 barangay population / 2020 LGU average household size"", ""basic_domestic_demand"": ""Derived estimate using DPWH 55 L/person/day midpoint for Level II rural-water design"", ""nrw_design_assumption"": ""DPWH 15% NRW assumption for a new Level II system"", ""gross_production_requirement"": ""Derived estimate: net demand / (1 - 0.15)""}",https://psa.gov.ph/classification/psgc/barangays/0806005000,4.6,1313,55,332310,0.3323,15,0.391,253.0,1422
Catbalogan City,City,San Pablo,0806005052,Rural,1136,15200,Lower-Middle,790,5.2,52,70,102.2,Agriculture and local services,Medium,15000,High,"Prioritize reliability, access, and shortage-resilience improvements","{""barangay_name"": ""PSA PSGC"", ""psgc_code"": ""PSA PSGC"", ""urban_rural"": ""PSA PSGC"", ""population_2024"": ""PSA 2024 POPCEN"", ""water_economics_fields"": ""Simulated for prototype only"", ""avg_household_size_2020_lgu"": ""PSA 2020 Census"", ""households_2024_estimated"": ""Derived estimate: 2024 barangay population / 2020 LGU average household size"", ""basic_domestic_demand"": ""Derived estimate using DPWH 55 L/person/day midpoint for Level II rural-water design"", ""nrw_design_assumption"": ""DPWH 15% NRW assumption for a new Level II system"", ""gross_production_requirement"": ""Derived estimate: net demand / (1 - 0.15)""}",https://psa.gov.ph/classification/psgc/barangays/0806005000,4.6,247,55,62480,0.0625,15,0.0735,253.0,250
Catbalogan City,City,San Roque,0806005053,Rural,1589,15400,Lower-Middle,830,5.4,59,81,143.0,Mixed rural livelihood,Medium,21000,High,"Prioritize reliability, access, and shortage-resilience improvements","{""barangay_name"": ""PSA PSGC"", ""psgc_code"": ""PSA PSGC"", ""urban_rural"": ""PSA PSGC"", ""population_2024"": ""PSA 2024 POPCEN"", ""water_economics_fields"": ""Simulated for prototype only"", ""avg_household_size_2020_lgu"": ""PSA 2020 Census"", ""households_2024_estimated"": ""Derived estimate: 2024 barangay population / 2020 LGU average household size"", ""basic_domestic_demand"": ""Derived estimate using DPWH 55 L/person/day midpoint for Level II rural-water design"", ""nrw_design_assumption"": ""DPWH 15% NRW assumption for a new Level II system"", ""gross_production_requirement"": ""Derived estimate: net demand / (1 - 0.15)""}",https://psa.gov.ph/classification/psgc/barangays/0806005000,4.6,345,55,87395,0.0874,15,0.1028,253.0,349
Catbalogan City,City,San Vicente,0806005054,Rural,943,15500,Middle,870,5.6,66,64,84.9,"Fishing, farming, and microenterprise",Medium,12000,High,"Prioritize reliability, access, and shortage-resilience improvements","{""barangay_name"": ""PSA PSGC"", ""psgc_code"": ""PSA PSGC"", ""urban_rural"": ""PSA PSGC"", ""population_2024"": ""PSA 2024 POPCEN"", ""water_economics_fields"": ""Simulated for prototype only"", ""avg_household_size_2020_lgu"": ""PSA 2020 Census"", ""households_2024_estimated"": ""Derived estimate: 2024 barangay population / 2020 LGU average household size"", ""basic_domestic_demand"": ""Derived estimate using DPWH 55 L/person/day midpoint for Level II rural-water design"", ""nrw_design_assumption"": ""DPWH 15% NRW assumption for a new Level II system"", ""gross_production_requirement"": ""Derived estimate: net demand / (1 - 0.15)""}",https://psa.gov.ph/classification/psgc/barangays/0806005000,4.6,205,55,51865,0.0519,15,0.061,253.0,207
Catbalogan City,City,Silanga,0806005055,Rural,2856,15700,Middle,900,5.7,73,75,257.0,Agriculture and small-scale livelihood,Medium,38000,Medium,Monitor demand and strengthen reliability where cost-effective,"{""barangay_name"": ""PSA PSGC"", ""psgc_code"": ""PSA PSGC"", ""urban_rural"": ""PSA PSGC"", ""population_2024"": ""PSA 2024 POPCEN"", ""water_economics_fields"": ""Simulated for prototype only"", ""avg_household_size_2020_lgu"": ""PSA 2020 Census"", ""households_2024_estimated"": ""Derived estimate: 2024 barangay population / 2020 LGU average household size"", ""basic_domestic_demand"": ""Derived estimate using DPWH 55 L/person/day midpoint for Level II rural-water design"", ""nrw_design_assumption"": ""DPWH 15% NRW assumption for a new Level II system"", ""gross_production_requirement"": ""Derived estimate: net demand / (1 - 0.15)""}",https://psa.gov.ph/classification/psgc/barangays/0806005000,4.6,621,55,157080,0.1571,15,0.1848,253.0,628
Catbalogan City,City,Totoringon,0806005056,Rural,198,15900,Middle,940,5.9,52,58,17.8,Fishing and agriculture,High,3000,High,Target affordability support and improve service reliability,"{""barangay_name"": ""PSA PSGC"", ""psgc_code"": ""PSA PSGC"", ""urban_rural"": ""PSA PSGC"", ""population_2024"": ""PSA 2024 POPCEN"", ""water_economics_fields"": ""Simulated for prototype only"", ""avg_household_size_2020_lgu"": ""PSA 2020 Census"", ""households_2024_estimated"": ""Derived estimate: 2024 barangay population / 2020 LGU average household size"", ""basic_domestic_demand"": ""Derived estimate using DPWH 55 L/person/day midpoint for Level II rural-water design"", ""nrw_design_assumption"": ""DPWH 15% NRW assumption for a new Level II system"", ""gross_production_requirement"": ""Derived estimate: net demand / (1 - 0.15)""}",https://psa.gov.ph/classification/psgc/barangays/0806005000,4.6,43,55,10890,0.0109,15,0.0128,253.0,44
Catbalogan City,City,Ibol,0806005057,Rural,588,16100,Middle,680,4.2,59,69,52.9,Agriculture and local services,Medium,8000,High,"Prioritize reliability, access, and shortage-resilience improvements","{""barangay_name"": ""PSA PSGC"", ""psgc_code"": ""PSA PSGC"", ""urban_rural"": ""PSA PSGC"", ""population_2024"": ""PSA 2024 POPCEN"", ""water_economics_fields"": ""Simulated for prototype only"", ""avg_household_size_2020_lgu"": ""PSA 2020 Census"", ""households_2024_estimated"": ""Derived estimate: 2024 barangay population / 2020 LGU average household size"", ""basic_domestic_demand"": ""Derived estimate using DPWH 55 L/person/day midpoint for Level II rural-water design"", ""nrw_design_assumption"": ""DPWH 15% NRW assumption for a new Level II system"", ""gross_production_requirement"": ""Derived estimate: net demand / (1 - 0.15)""}",https://psa.gov.ph/classification/psgc/barangays/0806005000,4.6,128,55,32340,0.0323,15,0.038,253.0,129
Catbalogan City,City,Socorro,0806005059,Rural,1802,16400,Middle,750,4.6,73,63,162.2,"Fishing, farming, and microenterprise",Medium,25000,High,"Prioritize reliability, access, and shortage-resilience improvements","{""barangay_name"": ""PSA PSGC"", ""psgc_code"": ""PSA PSGC"", ""urban_rural"": ""PSA PSGC"", ""population_2024"": ""PSA 2024 POPCEN"", ""water_economics_fields"": ""Simulated for prototype only"", ""avg_household_size_2020_lgu"": ""PSA 2020 Census"", ""households_2024_estimated"": ""Derived estimate: 2024 barangay population / 2020 LGU average household size"", ""basic_domestic_demand"": ""Derived estimate using DPWH 55 L/person/day midpoint for Level II rural-water design"", ""nrw_design_assumption"": ""DPWH 15% NRW assumption for a new Level II system"", ""gross_production_requirement"": ""Derived estimate: net demand / (1 - 0.15)""}",https://psa.gov.ph/classification/psgc/barangays/0806005000,4.6,392,55,99110,0.0991,15,0.1166,253.0,396
Pinabacdao,Municipality,Bangon,0806013001,Rural,1527,11600,Low Income,710,6.1,59,69,137.4,Fishing and agriculture,High,17000,High,Target affordability support and improve service reliability,"{""barangay_name"": ""PSA PSGC"", ""psgc_code"": ""PSA PSGC"", ""urban_rural"": ""PSA PSGC"", ""population_2024"": ""PSA 2024 POPCEN"", ""water_economics_fields"": ""Simulated for prototype only"", ""avg_household_size_2020_lgu"": ""PSA 2020 Census"", ""households_2024_estimated"": ""Derived estimate: 2024 barangay population / 2020 LGU average household size"", ""basic_domestic_demand"": ""Derived estimate using DPWH 55 L/person/day midpoint for Level II rural-water design"", ""nrw_design_assumption"": ""DPWH 15% NRW assumption for a new Level II system"", ""gross_production_requirement"": ""Derived estimate: net demand / (1 - 0.15)""}",https://psa.gov.ph/classification/psgc/barangays/0806013000,4.4,347,55,83985,0.084,15,0.0988,242.0,336
Pinabacdao,Municipality,Barangay I,0806013002,Rural,718,11700,Low Income,740,6.3,66,80,64.6,Agriculture and local services,Medium,8000,High,Target affordability support and improve service reliability,"{""barangay_name"": ""PSA PSGC"", ""psgc_code"": ""PSA PSGC"", ""urban_rural"": ""PSA PSGC"", ""population_2024"": ""PSA 2024 POPCEN"", ""water_economics_fields"": ""Simulated for prototype only"", ""avg_household_size_2020_lgu"": ""PSA 2020 Census"", ""households_2024_estimated"": ""Derived estimate: 2024 barangay population / 2020 LGU average household size"", ""basic_domestic_demand"": ""Derived estimate using DPWH 55 L/person/day midpoint for Level II rural-water design"", ""nrw_design_assumption"": ""DPWH 15% NRW assumption for a new Level II system"", ""gross_production_requirement"": ""Derived estimate: net demand / (1 - 0.15)""}",https://psa.gov.ph/classification/psgc/barangays/0806013000,4.4,163,55,39490,0.0395,15,0.0465,242.0,158
Pinabacdao,Municipality,Barangay II,0806013003,Rural,753,11900,Low Income,780,6.6,73,63,67.8,Mixed rural livelihood,High,8000,High,Target affordability support and improve service reliability,"{""barangay_name"": ""PSA PSGC"", ""psgc_code"": ""PSA PSGC"", ""urban_rural"": ""PSA PSGC"", ""population_2024"": ""PSA 2024 POPCEN"", ""water_economics_fields"": ""Simulated for prototype only"", ""avg_household_size_2020_lgu"": ""PSA 2020 Census"", ""households_2024_estimated"": ""Derived estimate: 2024 barangay population / 2020 LGU average household size"", ""basic_domestic_demand"": ""Derived estimate using DPWH 55 L/person/day midpoint for Level II rural-water design"", ""nrw_design_assumption"": ""DPWH 15% NRW assumption for a new Level II system"", ""gross_production_requirement"": ""Derived estimate: net demand / (1 - 0.15)""}",https://psa.gov.ph/classification/psgc/barangays/0806013000,4.4,171,55,41415,0.0414,15,0.0487,242.0,165
Pinabacdao,Municipality,Botoc,0806013004,Rural,725,12100,Lower-Middle,820,6.8,52,74,65.2,"Fishing, farming, and microenterprise",High,8000,High,Target affordability support and improve service reliability,"{""barangay_name"": ""PSA PSGC"", ""psgc_code"": ""PSA PSGC"", ""urban_rural"": ""PSA PSGC"", ""population_2024"": ""PSA 2024 POPCEN"", ""water_economics_fields"": ""Simulated for prototype only"", ""avg_household_size_2020_lgu"": ""PSA 2020 Census"", ""households_2024_estimated"": ""Derived estimate: 2024 barangay population / 2020 LGU average household size"", ""basic_domestic_demand"": ""Derived estimate using DPWH 55 L/person/day midpoint for Level II rural-water design"", ""nrw_design_assumption"": ""DPWH 15% NRW assumption for a new Level II system"", ""gross_production_requirement"": ""Derived estimate: net demand / (1 - 0.15)""}",https://psa.gov.ph/classification/psgc/barangays/0806013000,4.4,165,55,39875,0.0399,15,0.0469,242.0,159
Pinabacdao,Municipality,Bugho,0806013005,Rural,282,12300,Lower-Middle,860,7.0,59,85,25.4,Agriculture and small-scale livelihood,High,3000,High,Target affordability support and improve service reliability,"{""barangay_name"": ""PSA PSGC"", ""psgc_code"": ""PSA PSGC"", ""urban_rural"": ""PSA PSGC"", ""population_2024"": ""PSA 2024 POPCEN"", ""water_economics_fields"": ""Simulated for prototype only"", ""avg_household_size_2020_lgu"": ""PSA 2020 Census"", ""households_2024_estimated"": ""Derived estimate: 2024 barangay population / 2020 LGU average household size"", ""basic_domestic_demand"": ""Derived estimate using DPWH 55 L/person/day midpoint for Level II rural-water design"", ""nrw_design_assumption"": ""DPWH 15% NRW assumption for a new Level II system"", ""gross_production_requirement"": ""Derived estimate: net demand / (1 - 0.15)""}",https://psa.gov.ph/classification/psgc/barangays/0806013000,4.4,64,55,15510,0.0155,15,0.0182,242.0,62
Pinabacdao,Municipality,Calampong,0806013006,Rural,547,12400,Lower-Middle,890,7.2,66,68,49.2,Fishing and agriculture,High,6000,High,Target affordability support and improve service reliability,"{""barangay_name"": ""PSA PSGC"", ""psgc_code"": ""PSA PSGC"", ""urban_rural"": ""PSA PSGC"", ""population_2024"": ""PSA 2024 POPCEN"", ""water_economics_fields"": ""Simulated for prototype only"", ""avg_household_size_2020_lgu"": ""PSA 2020 Census"", ""households_2024_estimated"": ""Derived estimate: 2024 barangay population / 2020 LGU average household size"", ""basic_domestic_demand"": ""Derived estimate using DPWH 55 L/person/day midpoint for Level II rural-water design"", ""nrw_design_assumption"": ""DPWH 15% NRW assumption for a new Level II system"", ""gross_production_requirement"": ""Derived estimate: net demand / (1 - 0.15)""}",https://psa.gov.ph/classification/psgc/barangays/0806013000,4.4,124,55,30085,0.0301,15,0.0354,242.0,120
Pinabacdao,Municipality,Canlobo,0806013007,Rural,420,12600,Lower-Middle,930,7.4,73,79,37.8,Agriculture and local services,High,5000,High,Target affordability support and improve service reliability,"{""barangay_name"": ""PSA PSGC"", ""psgc_code"": ""PSA PSGC"", ""urban_rural"": ""PSA PSGC"", ""population_2024"": ""PSA 2024 POPCEN"", ""water_economics_fields"": ""Simulated for prototype only"", ""avg_household_size_2020_lgu"": ""PSA 2020 Census"", ""households_2024_estimated"": ""Derived estimate: 2024 barangay population / 2020 LGU average household size"", ""basic_domestic_demand"": ""Derived estimate using DPWH 55 L/person/day midpoint for Level II rural-water design"", ""nrw_design_assumption"": ""DPWH 15% NRW assumption for a new Level II system"", ""gross_production_requirement"": ""Derived estimate: net demand / (1 - 0.15)""}",https://psa.gov.ph/classification/psgc/barangays/0806013000,4.4,95,55,23100,0.0231,15,0.0272,242.0,92
Pinabacdao,Municipality,Catigawan,0806013008,Rural,95,12800,Lower-Middle,970,7.6,52,62,8.6,Mixed rural livelihood,High,1000,High,Target affordability support and improve service reliability,"{""barangay_name"": ""PSA PSGC"", ""psgc_code"": ""PSA PSGC"", ""urban_rural"": ""PSA PSGC"", ""population_2024"": ""PSA 2024 POPCEN"", ""water_economics_fields"": ""Simulated for prototype only"", ""avg_household_size_2020_lgu"": ""PSA 2020 Census"", ""households_2024_estimated"": ""Derived estimate: 2024 barangay population / 2020 LGU average household size"", ""basic_domestic_demand"": ""Derived estimate using DPWH 55 L/person/day midpoint for Level II rural-water design"", ""nrw_design_assumption"": ""DPWH 15% NRW assumption for a new Level II system"", ""gross_production_requirement"": ""Derived estimate: net demand / (1 - 0.15)""}",https://psa.gov.ph/classification/psgc/barangays/0806013000,4.4,22,55,5225,0.0052,15,0.0061,242.0,21
Pinabacdao,Municipality,Dolores,0806013010,Rural,628,13100,Lower-Middle,740,5.6,66,84,56.5,Agriculture and small-scale livelihood,Medium,7000,High,"Prioritize reliability, access, and shortage-resilience improvements","{""barangay_name"": ""PSA PSGC"", ""psgc_code"": ""PSA PSGC"", ""urban_rural"": ""PSA PSGC"", ""population_2024"": ""PSA 2024 POPCEN"", ""water_economics_fields"": ""Simulated for prototype only"", ""avg_household_size_2020_lgu"": ""PSA 2020 Census"", ""households_2024_estimated"": ""Derived estimate: 2024 barangay population / 2020 LGU average household size"", ""basic_domestic_demand"": ""Derived estimate using DPWH 55 L/person/day midpoint for Level II rural-water design"", ""nrw_design_assumption"": ""DPWH 15% NRW assumption for a new Level II system"", ""gross_production_requirement"": ""Derived estimate: net demand / (1 - 0.15)""}",https://psa.gov.ph/classification/psgc/barangays/0806013000,4.4,143,55,34540,0.0345,15,0.0406,242.0,138
Pinabacdao,Municipality,Lale,0806013011,Rural,971,13300,Lower-Middle,780,5.9,73,67,87.4,Fishing and agriculture,Medium,11000,High,"Prioritize reliability, access, and shortage-resilience improvements","{""barangay_name"": ""PSA PSGC"", ""psgc_code"": ""PSA PSGC"", ""urban_rural"": ""PSA PSGC"", ""population_2024"": ""PSA 2024 POPCEN"", ""water_economics_fields"": ""Simulated for prototype only"", ""avg_household_size_2020_lgu"": ""PSA 2020 Census"", ""households_2024_estimated"": ""Derived estimate: 2024 barangay population / 2020 LGU average household size"", ""basic_domestic_demand"": ""Derived estimate using DPWH 55 L/person/day midpoint for Level II rural-water design"", ""nrw_design_assumption"": ""DPWH 15% NRW assumption for a new Level II system"", ""gross_production_requirement"": ""Derived estimate: net demand / (1 - 0.15)""}",https://psa.gov.ph/classification/psgc/barangays/0806013000,4.4,221,55,53405,0.0534,15,0.0628,242.0,213
Pinabacdao,Municipality,Lawaan,0806013012,Rural,273,13500,Lower-Middle,810,6.0,52,78,24.6,Agriculture and local services,High,3000,High,Target affordability support and improve service reliability,"{""barangay_name"": ""PSA PSGC"", ""psgc_code"": ""PSA PSGC"", ""urban_rural"": ""PSA PSGC"", ""population_2024"": ""PSA 2024 POPCEN"", ""water_economics_fields"": ""Simulated for prototype only"", ""avg_household_size_2020_lgu"": ""PSA 2020 Census"", ""households_2024_estimated"": ""Derived estimate: 2024 barangay population / 2020 LGU average household size"", ""basic_domestic_demand"": ""Derived estimate using DPWH 55 L/person/day midpoint for Level II rural-water design"", ""nrw_design_assumption"": ""DPWH 15% NRW assumption for a new Level II system"", ""gross_production_requirement"": ""Derived estimate: net demand / (1 - 0.15)""}",https://psa.gov.ph/classification/psgc/barangays/0806013000,4.4,62,55,15015,0.015,15,0.0177,242.0,60
Pinabacdao,Municipality,Laygayon,0806013013,Rural,888,13600,Lower-Middle,850,6.2,59,61,79.9,Mixed rural livelihood,High,11000,High,Target affordability support and improve service reliability,"{""barangay_name"": ""PSA PSGC"", ""psgc_code"": ""PSA PSGC"", ""urban_rural"": ""PSA PSGC"", ""population_2024"": ""PSA 2024 POPCEN"", ""water_economics_fields"": ""Simulated for prototype only"", ""avg_household_size_2020_lgu"": ""PSA 2020 Census"", ""households_2024_estimated"": ""Derived estimate: 2024 barangay population / 2020 LGU average household size"", ""basic_domestic_demand"": ""Derived estimate using DPWH 55 L/person/day midpoint for Level II rural-water design"", ""nrw_design_assumption"": ""DPWH 15% NRW assumption for a new Level II system"", ""gross_production_requirement"": ""Derived estimate: net demand / (1 - 0.15)""}",https://psa.gov.ph/classification/psgc/barangays/0806013000,4.4,202,55,48840,0.0488,15,0.0575,242.0,195
Pinabacdao,Municipality,Layo,0806013014,Rural,278,13800,Lower-Middle,890,6.4,66,72,25.0,"Fishing, farming, and microenterprise",High,3000,High,Target affordability support and improve service reliability,"{""barangay_name"": ""PSA PSGC"", ""psgc_code"": ""PSA PSGC"", ""urban_rural"": ""PSA PSGC"", ""population_2024"": ""PSA 2024 POPCEN"", ""water_economics_fields"": ""Simulated for prototype only"", ""avg_household_size_2020_lgu"": ""PSA 2020 Census"", ""households_2024_estimated"": ""Derived estimate: 2024 barangay population / 2020 LGU average household size"", ""basic_domestic_demand"": ""Derived estimate using DPWH 55 L/person/day midpoint for Level II rural-water design"", ""nrw_design_assumption"": ""DPWH 15% NRW assumption for a new Level II system"", ""gross_production_requirement"": ""Derived estimate: net demand / (1 - 0.15)""}",https://psa.gov.ph/classification/psgc/barangays/0806013000,4.4,63,55,15290,0.0153,15,0.018,242.0,61
Pinabacdao,Municipality,Loctob,0806013015,Rural,289,14000,Lower-Middle,920,6.6,73,83,26.0,Agriculture and small-scale livelihood,Medium,4000,High,Target affordability support and improve service reliability,"{""barangay_name"": ""PSA PSGC"", ""psgc_code"": ""PSA PSGC"", ""urban_rural"": ""PSA PSGC"", ""population_2024"": ""PSA 2024 POPCEN"", ""water_economics_fields"": ""Simulated for prototype only"", ""avg_household_size_2020_lgu"": ""PSA 2020 Census"", ""households_2024_estimated"": ""Derived estimate: 2024 barangay population / 2020 LGU average household size"", ""basic_domestic_demand"": ""Derived estimate using DPWH 55 L/person/day midpoint for Level II rural-water design"", ""nrw_design_assumption"": ""DPWH 15% NRW assumption for a new Level II system"", ""gross_production_requirement"": ""Derived estimate: net demand / (1 - 0.15)""}",https://psa.gov.ph/classification/psgc/barangays/0806013000,4.4,66,55,15895,0.0159,15,0.0187,242.0,64
Pinabacdao,Municipality,Madalunot,0806013016,Rural,849,14200,Lower-Middle,960,6.8,52,66,76.4,Fishing and agriculture,High,10000,High,Target affordability support and improve service reliability,"{""barangay_name"": ""PSA PSGC"", ""psgc_code"": ""PSA PSGC"", ""urban_rural"": ""PSA PSGC"", ""population_2024"": ""PSA 2024 POPCEN"", ""water_economics_fields"": ""Simulated for prototype only"", ""avg_household_size_2020_lgu"": ""PSA 2020 Census"", ""households_2024_estimated"": ""Derived estimate: 2024 barangay population / 2020 LGU average household size"", ""basic_domestic_demand"": ""Derived estimate using DPWH 55 L/person/day midpoint for Level II rural-water design"", ""nrw_design_assumption"": ""DPWH 15% NRW assumption for a new Level II system"", ""gross_production_requirement"": ""Derived estimate: net demand / (1 - 0.15)""}",https://psa.gov.ph/classification/psgc/barangays/0806013000,4.4,193,55,46695,0.0467,15,0.0549,242.0,187
Pinabacdao,Municipality,Magdawat,0806013017,Rural,512,14300,Lower-Middle,700,4.9,59,77,46.1,Agriculture and local services,Medium,6000,High,"Prioritize reliability, access, and shortage-resilience improvements","{""barangay_name"": ""PSA PSGC"", ""psgc_code"": ""PSA PSGC"", ""urban_rural"": ""PSA PSGC"", ""population_2024"": ""PSA 2024 POPCEN"", ""water_economics_fields"": ""Simulated for prototype only"", ""avg_household_size_2020_lgu"": ""PSA 2020 Census"", ""households_2024_estimated"": ""Derived estimate: 2024 barangay population / 2020 LGU average household size"", ""basic_domestic_demand"": ""Derived estimate using DPWH 55 L/person/day midpoint for Level II rural-water design"", ""nrw_design_assumption"": ""DPWH 15% NRW assumption for a new Level II system"", ""gross_production_requirement"": ""Derived estimate: net demand / (1 - 0.15)""}",https://psa.gov.ph/classification/psgc/barangays/0806013000,4.4,116,55,28160,0.0282,15,0.0331,242.0,113
Pinabacdao,Municipality,Mambog,0806013018,Rural,1510,14500,Lower-Middle,740,5.1,66,60,135.9,Mixed rural livelihood,Medium,19000,High,"Prioritize reliability, access, and shortage-resilience improvements","{""barangay_name"": ""PSA PSGC"", ""psgc_code"": ""PSA PSGC"", ""urban_rural"": ""PSA PSGC"", ""population_2024"": ""PSA 2024 POPCEN"", ""water_economics_fields"": ""Simulated for prototype only"", ""avg_household_size_2020_lgu"": ""PSA 2020 Census"", ""households_2024_estimated"": ""Derived estimate: 2024 barangay population / 2020 LGU average household size"", ""basic_domestic_demand"": ""Derived estimate using DPWH 55 L/person/day midpoint for Level II rural-water design"", ""nrw_design_assumption"": ""DPWH 15% NRW assumption for a new Level II system"", ""gross_production_requirement"": ""Derived estimate: net demand / (1 - 0.15)""}",https://psa.gov.ph/classification/psgc/barangays/0806013000,4.4,343,55,83050,0.083,15,0.0977,242.0,332
Pinabacdao,Municipality,Manaing,0806013019,Rural,302,14700,Lower-Middle,770,5.2,73,71,27.2,"Fishing, farming, and microenterprise",Medium,4000,Medium,Monitor demand and strengthen reliability where cost-effective,"{""barangay_name"": ""PSA PSGC"", ""psgc_code"": ""PSA PSGC"", ""urban_rural"": ""PSA PSGC"", ""population_2024"": ""PSA 2024 POPCEN"", ""water_economics_fields"": ""Simulated for prototype only"", ""avg_household_size_2020_lgu"": ""PSA 2020 Census"", ""households_2024_estimated"": ""Derived estimate: 2024 barangay population / 2020 LGU average household size"", ""basic_domestic_demand"": ""Derived estimate using DPWH 55 L/person/day midpoint for Level II rural-water design"", ""nrw_design_assumption"": ""DPWH 15% NRW assumption for a new Level II system"", ""gross_production_requirement"": ""Derived estimate: net demand / (1 - 0.15)""}",https://psa.gov.ph/classification/psgc/barangays/0806013000,4.4,69,55,16610,0.0166,15,0.0195,242.0,66
Pinabacdao,Municipality,Obayan,0806013020,Rural,1153,14900,Lower-Middle,810,5.4,52,82,103.8,Agriculture and small-scale livelihood,Medium,15000,High,"Prioritize reliability, access, and shortage-resilience improvements","{""barangay_name"": ""PSA PSGC"", ""psgc_code"": ""PSA PSGC"", ""urban_rural"": ""PSA PSGC"", ""population_2024"": ""PSA 2024 POPCEN"", ""water_economics_fields"": ""Simulated for prototype only"", ""avg_household_size_2020_lgu"": ""PSA 2020 Census"", ""households_2024_estimated"": ""Derived estimate: 2024 barangay population / 2020 LGU average household size"", ""basic_domestic_demand"": ""Derived estimate using DPWH 55 L/person/day midpoint for Level II rural-water design"", ""nrw_design_assumption"": ""DPWH 15% NRW assumption for a new Level II system"", ""gross_production_requirement"": ""Derived estimate: net demand / (1 - 0.15)""}",https://psa.gov.ph/classification/psgc/barangays/0806013000,4.4,262,55,63415,0.0634,15,0.0746,242.0,253
Pinabacdao,Municipality,Pahug,0806013021,Rural,1028,15000,Lower-Middle,850,5.7,59,65,92.5,Fishing and agriculture,High,13000,High,"Prioritize reliability, access, and shortage-resilience improvements","{""barangay_name"": ""PSA PSGC"", ""psgc_code"": ""PSA PSGC"", ""urban_rural"": ""PSA PSGC"", ""population_2024"": ""PSA 2024 POPCEN"", ""water_economics_fields"": ""Simulated for prototype only"", ""avg_household_size_2020_lgu"": ""PSA 2020 Census"", ""households_2024_estimated"": ""Derived estimate: 2024 barangay population / 2020 LGU average household size"", ""basic_domestic_demand"": ""Derived estimate using DPWH 55 L/person/day midpoint for Level II rural-water design"", ""nrw_design_assumption"": ""DPWH 15% NRW assumption for a new Level II system"", ""gross_production_requirement"": ""Derived estimate: net demand / (1 - 0.15)""}",https://psa.gov.ph/classification/psgc/barangays/0806013000,4.4,234,55,56540,0.0565,15,0.0665,242.0,226
Pinabacdao,Municipality,Parasanon,0806013022,Rural,2257,15200,Lower-Middle,880,5.8,66,76,203.1,Agriculture and local services,Medium,29000,High,"Prioritize reliability, access, and shortage-resilience improvements","{""barangay_name"": ""PSA PSGC"", ""psgc_code"": ""PSA PSGC"", ""urban_rural"": ""PSA PSGC"", ""population_2024"": ""PSA 2024 POPCEN"", ""water_economics_fields"": ""Simulated for prototype only"", ""avg_household_size_2020_lgu"": ""PSA 2020 Census"", ""households_2024_estimated"": ""Derived estimate: 2024 barangay population / 2020 LGU average household size"", ""basic_domestic_demand"": ""Derived estimate using DPWH 55 L/person/day midpoint for Level II rural-water design"", ""nrw_design_assumption"": ""DPWH 15% NRW assumption for a new Level II system"", ""gross_production_requirement"": ""Derived estimate: net demand / (1 - 0.15)""}",https://psa.gov.ph/classification/psgc/barangays/0806013000,4.4,513,55,124135,0.1241,15,0.146,242.0,496
Pinabacdao,Municipality,Pelaon,0806013023,Rural,967,15400,Lower-Middle,920,6.0,73,59,87.0,Mixed rural livelihood,High,13000,High,Target affordability support and improve service reliability,"{""barangay_name"": ""PSA PSGC"", ""psgc_code"": ""PSA PSGC"", ""urban_rural"": ""PSA PSGC"", ""population_2024"": ""PSA 2024 POPCEN"", ""water_economics_fields"": ""Simulated for prototype only"", ""avg_household_size_2020_lgu"": ""PSA 2020 Census"", ""households_2024_estimated"": ""Derived estimate: 2024 barangay population / 2020 LGU average household size"", ""basic_domestic_demand"": ""Derived estimate using DPWH 55 L/person/day midpoint for Level II rural-water design"", ""nrw_design_assumption"": ""DPWH 15% NRW assumption for a new Level II system"", ""gross_production_requirement"": ""Derived estimate: net demand / (1 - 0.15)""}",https://psa.gov.ph/classification/psgc/barangays/0806013000,4.4,220,55,53185,0.0532,15,0.0626,242.0,213
Pinabacdao,Municipality,San Isidro,0806013025,Rural,353,15700,Middle,700,4.5,59,81,31.8,Agriculture and small-scale livelihood,Low,5000,High,"Prioritize reliability, access, and shortage-resilience improvements","{""barangay_name"": ""PSA PSGC"", ""psgc_code"": ""PSA PSGC"", ""urban_rural"": ""PSA PSGC"", ""population_2024"": ""PSA 2024 POPCEN"", ""water_economics_fields"": ""Simulated for prototype only"", ""avg_household_size_2020_lgu"": ""PSA 2020 Census"", ""households_2024_estimated"": ""Derived estimate: 2024 barangay population / 2020 LGU average household size"", ""basic_domestic_demand"": ""Derived estimate using DPWH 55 L/person/day midpoint for Level II rural-water design"", ""nrw_design_assumption"": ""DPWH 15% NRW assumption for a new Level II system"", ""gross_production_requirement"": ""Derived estimate: net demand / (1 - 0.15)""}",https://psa.gov.ph/classification/psgc/barangays/0806013000,4.4,80,55,19415,0.0194,15,0.0228,242.0,78
Pinabacdao,Municipality,Nabong,0806013026,Rural,1314,15900,Middle,730,4.6,66,64,118.3,Fishing and agriculture,Medium,18000,High,"Prioritize reliability, access, and shortage-resilience improvements","{""barangay_name"": ""PSA PSGC"", ""psgc_code"": ""PSA PSGC"", ""urban_rural"": ""PSA PSGC"", ""population_2024"": ""PSA 2024 POPCEN"", ""water_economics_fields"": ""Simulated for prototype only"", ""avg_household_size_2020_lgu"": ""PSA 2020 Census"", ""households_2024_estimated"": ""Derived estimate: 2024 barangay population / 2020 LGU average household size"", ""basic_domestic_demand"": ""Derived estimate using DPWH 55 L/person/day midpoint for Level II rural-water design"", ""nrw_design_assumption"": ""DPWH 15% NRW assumption for a new Level II system"", ""gross_production_requirement"": ""Derived estimate: net demand / (1 - 0.15)""}",https://psa.gov.ph/classification/psgc/barangays/0806013000,4.4,299,55,72270,0.0723,15,0.085,242.0,289
Calbayog City,City,Jose A. Roño,0806003001,Rural,334,11600,Low Income,710,6.1,59,69,30.1,Fishing and agriculture,High,4000,High,Target affordability support and improve service reliability,"{""barangay_name"": ""PSA PSGC"", ""psgc_code"": ""PSA PSGC"", ""urban_rural"": ""PSA PSGC"", ""population_2024"": ""PSA 2024 POPCEN"", ""water_economics_fields"": ""Simulated for prototype only"", ""avg_household_size_2020_lgu"": ""PSA 2020 Census"", ""households_2024_estimated"": ""Derived estimate: 2024 barangay population / 2020 LGU average household size"", ""basic_domestic_demand"": ""Derived estimate using DPWH 55 L/person/day midpoint for Level II rural-water design"", ""nrw_design_assumption"": ""DPWH 15% NRW assumption for a new Level II system"", ""gross_production_requirement"": ""Derived estimate: net demand / (1 - 0.15)""}",https://psa.gov.ph/classification/psgc/barangays/0806003000,4.3,78,55,18370,0.0184,15,0.0216,236.5,73
Calbayog City,City,Acedillo,0806003002,Rural,666,11700,Low Income,740,6.3,66,80,59.9,Agriculture and local services,Medium,7000,High,Target affordability support and improve service reliability,"{""barangay_name"": ""PSA PSGC"", ""psgc_code"": ""PSA PSGC"", ""urban_rural"": ""PSA PSGC"", ""population_2024"": ""PSA 2024 POPCEN"", ""water_economics_fields"": ""Simulated for prototype only"", ""avg_household_size_2020_lgu"": ""PSA 2020 Census"", ""households_2024_estimated"": ""Derived estimate: 2024 barangay population / 2020 LGU average household size"", ""basic_domestic_demand"": ""Derived estimate using DPWH 55 L/person/day midpoint for Level II rural-water design"", ""nrw_design_assumption"": ""DPWH 15% NRW assumption for a new Level II system"", ""gross_production_requirement"": ""Derived estimate: net demand / (1 - 0.15)""}",https://psa.gov.ph/classification/psgc/barangays/0806003000,4.3,155,55,36630,0.0366,15,0.0431,236.5,146
Calbayog City,City,Alibaba,0806003003,Rural,497,11900,Low Income,780,6.6,73,63,44.7,Mixed rural livelihood,High,5000,High,Target affordability support and improve service reliability,"{""barangay_name"": ""PSA PSGC"", ""psgc_code"": ""PSA PSGC"", ""urban_rural"": ""PSA PSGC"", ""population_2024"": ""PSA 2024 POPCEN"", ""water_economics_fields"": ""Simulated for prototype only"", ""avg_household_size_2020_lgu"": ""PSA 2020 Census"", ""households_2024_estimated"": ""Derived estimate: 2024 barangay population / 2020 LGU average household size"", ""basic_domestic_demand"": ""Derived estimate using DPWH 55 L/person/day midpoint for Level II rural-water design"", ""nrw_design_assumption"": ""DPWH 15% NRW assumption for a new Level II system"", ""gross_production_requirement"": ""Derived estimate: net demand / (1 - 0.15)""}",https://psa.gov.ph/classification/psgc/barangays/0806003000,4.3,116,55,27335,0.0273,15,0.0322,236.5,109
Calbayog City,City,Amampacang,0806003004,Rural,847,12100,Lower-Middle,820,6.8,52,74,76.2,"Fishing, farming, and microenterprise",High,9000,High,Target affordability support and improve service reliability,"{""barangay_name"": ""PSA PSGC"", ""psgc_code"": ""PSA PSGC"", ""urban_rural"": ""PSA PSGC"", ""population_2024"": ""PSA 2024 POPCEN"", ""water_economics_fields"": ""Simulated for prototype only"", ""avg_household_size_2020_lgu"": ""PSA 2020 Census"", ""households_2024_estimated"": ""Derived estimate: 2024 barangay population / 2020 LGU average household size"", ""basic_domestic_demand"": ""Derived estimate using DPWH 55 L/person/day midpoint for Level II rural-water design"", ""nrw_design_assumption"": ""DPWH 15% NRW assumption for a new Level II system"", ""gross_production_requirement"": ""Derived estimate: net demand / (1 - 0.15)""}",https://psa.gov.ph/classification/psgc/barangays/0806003000,4.3,197,55,46585,0.0466,15,0.0548,236.5,186
Calbayog City,City,Anislag,0806003005,Rural,1533,12300,Lower-Middle,860,7.0,59,85,138.0,Agriculture and small-scale livelihood,High,17000,High,Target affordability support and improve service reliability,"{""barangay_name"": ""PSA PSGC"", ""psgc_code"": ""PSA PSGC"", ""urban_rural"": ""PSA PSGC"", ""population_2024"": ""PSA 2024 POPCEN"", ""water_economics_fields"": ""Simulated for prototype only"", ""avg_household_size_2020_lgu"": ""PSA 2020 Census"", ""households_2024_estimated"": ""Derived estimate: 2024 barangay population / 2020 LGU average household size"", ""basic_domestic_demand"": ""Derived estimate using DPWH 55 L/person/day midpoint for Level II rural-water design"", ""nrw_design_assumption"": ""DPWH 15% NRW assumption for a new Level II system"", ""gross_production_requirement"": ""Derived estimate: net demand / (1 - 0.15)""}",https://psa.gov.ph/classification/psgc/barangays/0806003000,4.3,357,55,84315,0.0843,15,0.0992,236.5,337
Calbayog City,City,Ba-ay,0806003007,Rural,1842,12600,Lower-Middle,930,7.4,73,79,165.8,Agriculture and local services,High,21000,High,Target affordability support and improve service reliability,"{""barangay_name"": ""PSA PSGC"", ""psgc_code"": ""PSA PSGC"", ""urban_rural"": ""PSA PSGC"", ""population_2024"": ""PSA 2024 POPCEN"", ""water_economics_fields"": ""Simulated for prototype only"", ""avg_household_size_2020_lgu"": ""PSA 2020 Census"", ""households_2024_estimated"": ""Derived estimate: 2024 barangay population / 2020 LGU average household size"", ""basic_domestic_demand"": ""Derived estimate using DPWH 55 L/person/day midpoint for Level II rural-water design"", ""nrw_design_assumption"": ""DPWH 15% NRW assumption for a new Level II system"", ""gross_production_requirement"": ""Derived estimate: net demand / (1 - 0.15)""}",https://psa.gov.ph/classification/psgc/barangays/0806003000,4.3,428,55,101310,0.1013,15,0.1192,236.5,405
Calbayog City,City,Bagacay,0806003008,Urban,3352,18100,Middle,580,3.2,93,83,385.5,Mixed urban livelihood,Low,68000,Low,"Maintain service and monitor demand, affordability, and reliability","{""barangay_name"": ""PSA PSGC"", ""psgc_code"": ""PSA PSGC"", ""urban_rural"": ""PSA PSGC"", ""population_2024"": ""PSA 2024 POPCEN"", ""water_economics_fields"": ""Simulated for prototype only"", ""avg_household_size_2020_lgu"": ""PSA 2020 Census"", ""households_2024_estimated"": ""Derived estimate: 2024 barangay population / 2020 LGU average household size"", ""basic_domestic_demand"": ""Derived estimate using DPWH 55 L/person/day midpoint for Level II rural-water design"", ""nrw_design_assumption"": ""DPWH 15% NRW assumption for a new Level II system"", ""gross_production_requirement"": ""Derived estimate: net demand / (1 - 0.15)""}",https://psa.gov.ph/classification/psgc/barangays/0806003000,4.3,780,55,184360,0.1844,15,0.2169,236.5,789
Calbayog City,City,Baja,0806003009,Rural,324,13000,Lower-Middle,700,5.4,59,73,29.2,"Fishing, farming, and microenterprise",Medium,4000,High,"Prioritize reliability, access, and shortage-resilience improvements","{""barangay_name"": ""PSA PSGC"", ""psgc_code"": ""PSA PSGC"", ""urban_rural"": ""PSA PSGC"", ""population_2024"": ""PSA 2024 POPCEN"", ""water_economics_fields"": ""Simulated for prototype only"", ""avg_household_size_2020_lgu"": ""PSA 2020 Census"", ""households_2024_estimated"": ""Derived estimate: 2024 barangay population / 2020 LGU average household size"", ""basic_domestic_demand"": ""Derived estimate using DPWH 55 L/person/day midpoint for Level II rural-water design"", ""nrw_design_assumption"": ""DPWH 15% NRW assumption for a new Level II system"", ""gross_production_requirement"": ""Derived estimate: net demand / (1 - 0.15)""}",https://psa.gov.ph/classification/psgc/barangays/0806003000,4.3,75,55,17820,0.0178,15,0.021,236.5,71
Calbayog City,City,Balud,0806003010,Urban,2636,18400,Middle,650,3.5,92,88,303.1,Retail and services,Low,54000,Low,"Maintain service and monitor demand, affordability, and reliability","{""barangay_name"": ""PSA PSGC"", ""psgc_code"": ""PSA PSGC"", ""urban_rural"": ""PSA PSGC"", ""population_2024"": ""PSA 2024 POPCEN"", ""water_economics_fields"": ""Simulated for prototype only"", ""avg_household_size_2020_lgu"": ""PSA 2020 Census"", ""households_2024_estimated"": ""Derived estimate: 2024 barangay population / 2020 LGU average household size"", ""basic_domestic_demand"": ""Derived estimate using DPWH 55 L/person/day midpoint for Level II rural-water design"", ""nrw_design_assumption"": ""DPWH 15% NRW assumption for a new Level II system"", ""gross_production_requirement"": ""Derived estimate: net demand / (1 - 0.15)""}",https://psa.gov.ph/classification/psgc/barangays/0806003000,4.3,613,55,144980,0.145,15,0.1706,236.5,620
Calbayog City,City,Bante,0806003011,Rural,1907,13300,Lower-Middle,780,5.9,73,67,171.6,Fishing and agriculture,Medium,22000,High,"Prioritize reliability, access, and shortage-resilience improvements","{""barangay_name"": ""PSA PSGC"", ""psgc_code"": ""PSA PSGC"", ""urban_rural"": ""PSA PSGC"", ""population_2024"": ""PSA 2024 POPCEN"", ""water_economics_fields"": ""Simulated for prototype only"", ""avg_household_size_2020_lgu"": ""PSA 2020 Census"", ""households_2024_estimated"": ""Derived estimate: 2024 barangay population / 2020 LGU average household size"", ""basic_domestic_demand"": ""Derived estimate using DPWH 55 L/person/day midpoint for Level II rural-water design"", ""nrw_design_assumption"": ""DPWH 15% NRW assumption for a new Level II system"", ""gross_production_requirement"": ""Derived estimate: net demand / (1 - 0.15)""}",https://psa.gov.ph/classification/psgc/barangays/0806003000,4.3,443,55,104885,0.1049,15,0.1234,236.5,419
Calbayog City,City,Bantian,0806003012,Rural,1386,13500,Lower-Middle,810,6.0,52,78,124.7,Agriculture and local services,High,17000,High,Target affordability support and improve service reliability,"{""barangay_name"": ""PSA PSGC"", ""psgc_code"": ""PSA PSGC"", ""urban_rural"": ""PSA PSGC"", ""population_2024"": ""PSA 2024 POPCEN"", ""water_economics_fields"": ""Simulated for prototype only"", ""avg_household_size_2020_lgu"": ""PSA 2020 Census"", ""households_2024_estimated"": ""Derived estimate: 2024 barangay population / 2020 LGU average household size"", ""basic_domestic_demand"": ""Derived estimate using DPWH 55 L/person/day midpoint for Level II rural-water design"", ""nrw_design_assumption"": ""DPWH 15% NRW assumption for a new Level II system"", ""gross_production_requirement"": ""Derived estimate: net demand / (1 - 0.15)""}",https://psa.gov.ph/classification/psgc/barangays/0806003000,4.3,322,55,76230,0.0762,15,0.0897,236.5,305
Calbayog City,City,Basud,0806003013,Rural,1636,13600,Lower-Middle,850,6.2,59,61,147.2,Mixed rural livelihood,High,20000,High,Target affordability support and improve service reliability,"{""barangay_name"": ""PSA PSGC"", ""psgc_code"": ""PSA PSGC"", ""urban_rural"": ""PSA PSGC"", ""population_2024"": ""PSA 2024 POPCEN"", ""water_economics_fields"": ""Simulated for prototype only"", ""avg_household_size_2020_lgu"": ""PSA 2020 Census"", ""households_2024_estimated"": ""Derived estimate: 2024 barangay population / 2020 LGU average household size"", ""basic_domestic_demand"": ""Derived estimate using DPWH 55 L/person/day midpoint for Level II rural-water design"", ""nrw_design_assumption"": ""DPWH 15% NRW assumption for a new Level II system"", ""gross_production_requirement"": ""Derived estimate: net demand / (1 - 0.15)""}",https://psa.gov.ph/classification/psgc/barangays/0806003000,4.3,380,55,89980,0.09,15,0.1059,236.5,360
Calbayog City,City,Bayo,0806003015,Rural,612,14000,Lower-Middle,920,6.6,73,83,55.1,Agriculture and small-scale livelihood,Medium,7000,High,Target affordability support and improve service reliability,"{""barangay_name"": ""PSA PSGC"", ""psgc_code"": ""PSA PSGC"", ""urban_rural"": ""PSA PSGC"", ""population_2024"": ""PSA 2024 POPCEN"", ""water_economics_fields"": ""Simulated for prototype only"", ""avg_household_size_2020_lgu"": ""PSA 2020 Census"", ""households_2024_estimated"": ""Derived estimate: 2024 barangay population / 2020 LGU average household size"", ""basic_domestic_demand"": ""Derived estimate using DPWH 55 L/person/day midpoint for Level II rural-water design"", ""nrw_design_assumption"": ""DPWH 15% NRW assumption for a new Level II system"", ""gross_production_requirement"": ""Derived estimate: net demand / (1 - 0.15)""}",https://psa.gov.ph/classification/psgc/barangays/0806003000,4.3,142,55,33660,0.0337,15,0.0396,236.5,135
Calbayog City,City,Begaho,0806003016,Rural,1619,14200,Lower-Middle,960,6.8,52,66,145.7,Fishing and agriculture,High,20000,High,Target affordability support and improve service reliability,"{""barangay_name"": ""PSA PSGC"", ""psgc_code"": ""PSA PSGC"", ""urban_rural"": ""PSA PSGC"", ""population_2024"": ""PSA 2024 POPCEN"", ""water_economics_fields"": ""Simulated for prototype only"", ""avg_household_size_2020_lgu"": ""PSA 2020 Census"", ""households_2024_estimated"": ""Derived estimate: 2024 barangay population / 2020 LGU average household size"", ""basic_domestic_demand"": ""Derived estimate using DPWH 55 L/person/day midpoint for Level II rural-water design"", ""nrw_design_assumption"": ""DPWH 15% NRW assumption for a new Level II system"", ""gross_production_requirement"": ""Derived estimate: net demand / (1 - 0.15)""}",https://psa.gov.ph/classification/psgc/barangays/0806003000,4.3,377,55,89045,0.089,15,0.1048,236.5,356
Calbayog City,City,Binaliw,0806003017,Rural,2056,14300,Lower-Middle,700,4.9,59,77,185.0,Agriculture and local services,Medium,25000,High,"Prioritize reliability, access, and shortage-resilience improvements","{""barangay_name"": ""PSA PSGC"", ""psgc_code"": ""PSA PSGC"", ""urban_rural"": ""PSA PSGC"", ""population_2024"": ""PSA 2024 POPCEN"", ""water_economics_fields"": ""Simulated for prototype only"", ""avg_household_size_2020_lgu"": ""PSA 2020 Census"", ""households_2024_estimated"": ""Derived estimate: 2024 barangay population / 2020 LGU average household size"", ""basic_domestic_demand"": ""Derived estimate using DPWH 55 L/person/day midpoint for Level II rural-water design"", ""nrw_design_assumption"": ""DPWH 15% NRW assumption for a new Level II system"", ""gross_production_requirement"": ""Derived estimate: net demand / (1 - 0.15)""}",https://psa.gov.ph/classification/psgc/barangays/0806003000,4.3,478,55,113080,0.1131,15,0.133,236.5,452
Calbayog City,City,Bugtong,0806003018,Rural,1990,14500,Lower-Middle,740,5.1,66,60,179.1,Mixed rural livelihood,Medium,25000,High,"Prioritize reliability, access, and shortage-resilience improvements","{""barangay_name"": ""PSA PSGC"", ""psgc_code"": ""PSA PSGC"", ""urban_rural"": ""PSA PSGC"", ""population_2024"": ""PSA 2024 POPCEN"", ""water_economics_fields"": ""Simulated for prototype only"", ""avg_household_size_2020_lgu"": ""PSA 2020 Census"", ""households_2024_estimated"": ""Derived estimate: 2024 barangay population / 2020 LGU average household size"", ""basic_domestic_demand"": ""Derived estimate using DPWH 55 L/person/day midpoint for Level II rural-water design"", ""nrw_design_assumption"": ""DPWH 15% NRW assumption for a new Level II system"", ""gross_production_requirement"": ""Derived estimate: net demand / (1 - 0.15)""}",https://psa.gov.ph/classification/psgc/barangays/0806003000,4.3,463,55,109450,0.1095,15,0.1288,236.5,437
Calbayog City,City,Buenavista,0806003019,Rural,89,14700,Lower-Middle,770,5.2,73,71,8.0,"Fishing, farming, and microenterprise",Medium,1000,Medium,Monitor demand and strengthen reliability where cost-effective,"{""barangay_name"": ""PSA PSGC"", ""psgc_code"": ""PSA PSGC"", ""urban_rural"": ""PSA PSGC"", ""population_2024"": ""PSA 2024 POPCEN"", ""water_economics_fields"": ""Simulated for prototype only"", ""avg_household_size_2020_lgu"": ""PSA 2020 Census"", ""households_2024_estimated"": ""Derived estimate: 2024 barangay population / 2020 LGU average household size"", ""basic_domestic_demand"": ""Derived estimate using DPWH 55 L/person/day midpoint for Level II rural-water design"", ""nrw_design_assumption"": ""DPWH 15% NRW assumption for a new Level II system"", ""gross_production_requirement"": ""Derived estimate: net demand / (1 - 0.15)""}",https://psa.gov.ph/classification/psgc/barangays/0806003000,4.3,21,55,4895,0.0049,15,0.0058,236.5,20
Calbayog City,City,Cabacungan,0806003020,Rural,970,14900,Lower-Middle,810,5.4,52,82,87.3,Agriculture and small-scale livelihood,Medium,12000,High,"Prioritize reliability, access, and shortage-resilience improvements","{""barangay_name"": ""PSA PSGC"", ""psgc_code"": ""PSA PSGC"", ""urban_rural"": ""PSA PSGC"", ""population_2024"": ""PSA 2024 POPCEN"", ""water_economics_fields"": ""Simulated for prototype only"", ""avg_household_size_2020_lgu"": ""PSA 2020 Census"", ""households_2024_estimated"": ""Derived estimate: 2024 barangay population / 2020 LGU average household size"", ""basic_domestic_demand"": ""Derived estimate using DPWH 55 L/person/day midpoint for Level II rural-water design"", ""nrw_design_assumption"": ""DPWH 15% NRW assumption for a new Level II system"", ""gross_production_requirement"": ""Derived estimate: net demand / (1 - 0.15)""}",https://psa.gov.ph/classification/psgc/barangays/0806003000,4.3,226,55,53350,0.0534,15,0.0628,236.5,213
Calbayog City,City,Cabatuan,0806003021,Rural,1543,15000,Lower-Middle,850,5.7,59,65,138.9,Fishing and agriculture,High,20000,High,"Prioritize reliability, access, and shortage-resilience improvements","{""barangay_name"": ""PSA PSGC"", ""psgc_code"": ""PSA PSGC"", ""urban_rural"": ""PSA PSGC"", ""population_2024"": ""PSA 2024 POPCEN"", ""water_economics_fields"": ""Simulated for prototype only"", ""avg_household_size_2020_lgu"": ""PSA 2020 Census"", ""households_2024_estimated"": ""Derived estimate: 2024 barangay population / 2020 LGU average household size"", ""basic_domestic_demand"": ""Derived estimate using DPWH 55 L/person/day midpoint for Level II rural-water design"", ""nrw_design_assumption"": ""DPWH 15% NRW assumption for a new Level II system"", ""gross_production_requirement"": ""Derived estimate: net demand / (1 - 0.15)""}",https://psa.gov.ph/classification/psgc/barangays/0806003000,4.3,359,55,84865,0.0849,15,0.0998,236.5,339
Calbayog City,City,Cabicahan,0806003022,Rural,699,15200,Lower-Middle,880,5.8,66,76,62.9,Agriculture and local services,Medium,9000,High,"Prioritize reliability, access, and shortage-resilience improvements","{""barangay_name"": ""PSA PSGC"", ""psgc_code"": ""PSA PSGC"", ""urban_rural"": ""PSA PSGC"", ""population_2024"": ""PSA 2024 POPCEN"", ""water_economics_fields"": ""Simulated for prototype only"", ""avg_household_size_2020_lgu"": ""PSA 2020 Census"", ""households_2024_estimated"": ""Derived estimate: 2024 barangay population / 2020 LGU average household size"", ""basic_domestic_demand"": ""Derived estimate using DPWH 55 L/person/day midpoint for Level II rural-water design"", ""nrw_design_assumption"": ""DPWH 15% NRW assumption for a new Level II system"", ""gross_production_requirement"": ""Derived estimate: net demand / (1 - 0.15)""}",https://psa.gov.ph/classification/psgc/barangays/0806003000,4.3,163,55,38445,0.0384,15,0.0452,236.5,154
Calbayog City,City,Cabugawan,0806003023,Rural,695,15400,Lower-Middle,920,6.0,73,59,62.5,Mixed rural livelihood,High,9000,High,Target affordability support and improve service reliability,"{""barangay_name"": ""PSA PSGC"", ""psgc_code"": ""PSA PSGC"", ""urban_rural"": ""PSA PSGC"", ""population_2024"": ""PSA 2024 POPCEN"", ""water_economics_fields"": ""Simulated for prototype only"", ""avg_household_size_2020_lgu"": ""PSA 2020 Census"", ""households_2024_estimated"": ""Derived estimate: 2024 barangay population / 2020 LGU average household size"", ""basic_domestic_demand"": ""Derived estimate using DPWH 55 L/person/day midpoint for Level II rural-water design"", ""nrw_design_assumption"": ""DPWH 15% NRW assumption for a new Level II system"", ""gross_production_requirement"": ""Derived estimate: net demand / (1 - 0.15)""}",https://psa.gov.ph/classification/psgc/barangays/0806003000,4.3,162,55,38225,0.0382,15,0.045,236.5,153
Calbayog City,City,Cacaransan,0806003024,Rural,898,15600,Middle,960,6.2,52,70,80.8,"Fishing, farming, and microenterprise",High,12000,High,Target affordability support and improve service reliability,"{""barangay_name"": ""PSA PSGC"", ""psgc_code"": ""PSA PSGC"", ""urban_rural"": ""PSA PSGC"", ""population_2024"": ""PSA 2024 POPCEN"", ""water_economics_fields"": ""Simulated for prototype only"", ""avg_household_size_2020_lgu"": ""PSA 2020 Census"", ""households_2024_estimated"": ""Derived estimate: 2024 barangay population / 2020 LGU average household size"", ""basic_domestic_demand"": ""Derived estimate using DPWH 55 L/person/day midpoint for Level II rural-water design"", ""nrw_design_assumption"": ""DPWH 15% NRW assumption for a new Level II system"", ""gross_production_requirement"": ""Derived estimate: net demand / (1 - 0.15)""}",https://psa.gov.ph/classification/psgc/barangays/0806003000,4.3,209,55,49390,0.0494,15,0.0581,236.5,197
Calbayog City,City,Cag-olango,0806003025,Rural,782,15700,Middle,700,4.5,59,81,70.4,Agriculture and small-scale livelihood,Low,10000,High,"Prioritize reliability, access, and shortage-resilience improvements","{""barangay_name"": ""PSA PSGC"", ""psgc_code"": ""PSA PSGC"", ""urban_rural"": ""PSA PSGC"", ""population_2024"": ""PSA 2024 POPCEN"", ""water_economics_fields"": ""Simulated for prototype only"", ""avg_household_size_2020_lgu"": ""PSA 2020 Census"", ""households_2024_estimated"": ""Derived estimate: 2024 barangay population / 2020 LGU average household size"", ""basic_domestic_demand"": ""Derived estimate using DPWH 55 L/person/day midpoint for Level II rural-water design"", ""nrw_design_assumption"": ""DPWH 15% NRW assumption for a new Level II system"", ""gross_production_requirement"": ""Derived estimate: net demand / (1 - 0.15)""}",https://psa.gov.ph/classification/psgc/barangays/0806003000,4.3,182,55,43010,0.043,15,0.0506,236.5,172
Calbayog City,City,Cag-anahaw,0806003027,Rural,336,16100,Middle,770,4.8,73,75,30.2,Agriculture and local services,Low,5000,Low,"Maintain service and monitor demand, affordability, and reliability","{""barangay_name"": ""PSA PSGC"", ""psgc_code"": ""PSA PSGC"", ""urban_rural"": ""PSA PSGC"", ""population_2024"": ""PSA 2024 POPCEN"", ""water_economics_fields"": ""Simulated for prototype only"", ""avg_household_size_2020_lgu"": ""PSA 2020 Census"", ""households_2024_estimated"": ""Derived estimate: 2024 barangay population / 2020 LGU average household size"", ""basic_domestic_demand"": ""Derived estimate using DPWH 55 L/person/day midpoint for Level II rural-water design"", ""nrw_design_assumption"": ""DPWH 15% NRW assumption for a new Level II system"", ""gross_production_requirement"": ""Derived estimate: net demand / (1 - 0.15)""}",https://psa.gov.ph/classification/psgc/barangays/0806003000,4.3,78,55,18480,0.0185,15,0.0217,236.5,74
Calbayog City,City,Cagbanayacao,0806003028,Rural,231,16200,Middle,810,5.0,52,58,20.8,Mixed rural livelihood,High,3000,High,Target affordability support and improve service reliability,"{""barangay_name"": ""PSA PSGC"", ""psgc_code"": ""PSA PSGC"", ""urban_rural"": ""PSA PSGC"", ""population_2024"": ""PSA 2024 POPCEN"", ""water_economics_fields"": ""Simulated for prototype only"", ""avg_household_size_2020_lgu"": ""PSA 2020 Census"", ""households_2024_estimated"": ""Derived estimate: 2024 barangay population / 2020 LGU average household size"", ""basic_domestic_demand"": ""Derived estimate using DPWH 55 L/person/day midpoint for Level II rural-water design"", ""nrw_design_assumption"": ""DPWH 15% NRW assumption for a new Level II system"", ""gross_production_requirement"": ""Derived estimate: net demand / (1 - 0.15)""}",https://psa.gov.ph/classification/psgc/barangays/0806003000,4.3,54,55,12705,0.0127,15,0.0149,236.5,51
Calbayog City,City,Cagbayang,0806003029,Rural,929,16400,Middle,840,5.1,59,69,83.6,"Fishing, farming, and microenterprise",Medium,13000,High,"Prioritize reliability, access, and shortage-resilience improvements","{""barangay_name"": ""PSA PSGC"", ""psgc_code"": ""PSA PSGC"", ""urban_rural"": ""PSA PSGC"", ""population_2024"": ""PSA 2024 POPCEN"", ""water_economics_fields"": ""Simulated for prototype only"", ""avg_household_size_2020_lgu"": ""PSA 2020 Census"", ""households_2024_estimated"": ""Derived estimate: 2024 barangay population / 2020 LGU average household size"", ""basic_domestic_demand"": ""Derived estimate using DPWH 55 L/person/day midpoint for Level II rural-water design"", ""nrw_design_assumption"": ""DPWH 15% NRW assumption for a new Level II system"", ""gross_production_requirement"": ""Derived estimate: net demand / (1 - 0.15)""}",https://psa.gov.ph/classification/psgc/barangays/0806003000,4.3,216,55,51095,0.0511,15,0.0601,236.5,204
Calbayog City,City,Cagbilwang,0806003030,Rural,699,16600,Middle,880,5.3,66,80,62.9,Agriculture and small-scale livelihood,Medium,10000,High,"Prioritize reliability, access, and shortage-resilience improvements","{""barangay_name"": ""PSA PSGC"", ""psgc_code"": ""PSA PSGC"", ""urban_rural"": ""PSA PSGC"", ""population_2024"": ""PSA 2024 POPCEN"", ""water_economics_fields"": ""Simulated for prototype only"", ""avg_household_size_2020_lgu"": ""PSA 2020 Census"", ""households_2024_estimated"": ""Derived estimate: 2024 barangay population / 2020 LGU average household size"", ""basic_domestic_demand"": ""Derived estimate using DPWH 55 L/person/day midpoint for Level II rural-water design"", ""nrw_design_assumption"": ""DPWH 15% NRW assumption for a new Level II system"", ""gross_production_requirement"": ""Derived estimate: net demand / (1 - 0.15)""}",https://psa.gov.ph/classification/psgc/barangays/0806003000,4.3,163,55,38445,0.0384,15,0.0452,236.5,154
Calbayog City,City,Cagboborac,0806003031,Rural,384,11600,Low Income,920,7.9,73,63,34.6,Fishing and agriculture,High,4000,High,Target affordability support and improve service reliability,"{""barangay_name"": ""PSA PSGC"", ""psgc_code"": ""PSA PSGC"", ""urban_rural"": ""PSA PSGC"", ""population_2024"": ""PSA 2024 POPCEN"", ""water_economics_fields"": ""Simulated for prototype only"", ""avg_household_size_2020_lgu"": ""PSA 2020 Census"", ""households_2024_estimated"": ""Derived estimate: 2024 barangay population / 2020 LGU average household size"", ""basic_domestic_demand"": ""Derived estimate using DPWH 55 L/person/day midpoint for Level II rural-water design"", ""nrw_design_assumption"": ""DPWH 15% NRW assumption for a new Level II system"", ""gross_production_requirement"": ""Derived estimate: net demand / (1 - 0.15)""}",https://psa.gov.ph/classification/psgc/barangays/0806003000,4.3,89,55,21120,0.0211,15,0.0248,236.5,84
Calbayog City,City,Caglanipao Sur,0806003032,Rural,1170,11700,Low Income,950,8.1,52,74,105.3,Agriculture and local services,High,13000,High,Target affordability support and improve service reliability,"{""barangay_name"": ""PSA PSGC"", ""psgc_code"": ""PSA PSGC"", ""urban_rural"": ""PSA PSGC"", ""population_2024"": ""PSA 2024 POPCEN"", ""water_economics_fields"": ""Simulated for prototype only"", ""avg_household_size_2020_lgu"": ""PSA 2020 Census"", ""households_2024_estimated"": ""Derived estimate: 2024 barangay population / 2020 LGU average household size"", ""basic_domestic_demand"": ""Derived estimate using DPWH 55 L/person/day midpoint for Level II rural-water design"", ""nrw_design_assumption"": ""DPWH 15% NRW assumption for a new Level II system"", ""gross_production_requirement"": ""Derived estimate: net demand / (1 - 0.15)""}",https://psa.gov.ph/classification/psgc/barangays/0806003000,4.3,272,55,64350,0.0644,15,0.0757,236.5,257
Calbayog City,City,Cagmanipis Norte,0806003033,Rural,1806,11900,Low Income,690,5.8,59,85,162.5,Mixed rural livelihood,Medium,20000,High,"Prioritize reliability, access, and shortage-resilience improvements","{""barangay_name"": ""PSA PSGC"", ""psgc_code"": ""PSA PSGC"", ""urban_rural"": ""PSA PSGC"", ""population_2024"": ""PSA 2024 POPCEN"", ""water_economics_fields"": ""Simulated for prototype only"", ""avg_household_size_2020_lgu"": ""PSA 2020 Census"", ""households_2024_estimated"": ""Derived estimate: 2024 barangay population / 2020 LGU average household size"", ""basic_domestic_demand"": ""Derived estimate using DPWH 55 L/person/day midpoint for Level II rural-water design"", ""nrw_design_assumption"": ""DPWH 15% NRW assumption for a new Level II system"", ""gross_production_requirement"": ""Derived estimate: net demand / (1 - 0.15)""}",https://psa.gov.ph/classification/psgc/barangays/0806003000,4.3,420,55,99330,0.0993,15,0.1169,236.5,397
Calbayog City,City,Cag-anibong,0806003034,Rural,585,12100,Lower-Middle,730,6.0,66,68,52.6,"Fishing, farming, and microenterprise",High,7000,High,Target affordability support and improve service reliability,"{""barangay_name"": ""PSA PSGC"", ""psgc_code"": ""PSA PSGC"", ""urban_rural"": ""PSA PSGC"", ""population_2024"": ""PSA 2024 POPCEN"", ""water_economics_fields"": ""Simulated for prototype only"", ""avg_household_size_2020_lgu"": ""PSA 2020 Census"", ""households_2024_estimated"": ""Derived estimate: 2024 barangay population / 2020 LGU average household size"", ""basic_domestic_demand"": ""Derived estimate using DPWH 55 L/person/day midpoint for Level II rural-water design"", ""nrw_design_assumption"": ""DPWH 15% NRW assumption for a new Level II system"", ""gross_production_requirement"": ""Derived estimate: net demand / (1 - 0.15)""}",https://psa.gov.ph/classification/psgc/barangays/0806003000,4.3,136,55,32175,0.0322,15,0.0379,236.5,129
Calbayog City,City,Cagnipa,0806003035,Rural,2407,12300,Lower-Middle,760,6.2,73,79,216.6,Agriculture and small-scale livelihood,Medium,27000,High,Target affordability support and improve service reliability,"{""barangay_name"": ""PSA PSGC"", ""psgc_code"": ""PSA PSGC"", ""urban_rural"": ""PSA PSGC"", ""population_2024"": ""PSA 2024 POPCEN"", ""water_economics_fields"": ""Simulated for prototype only"", ""avg_household_size_2020_lgu"": ""PSA 2020 Census"", ""households_2024_estimated"": ""Derived estimate: 2024 barangay population / 2020 LGU average household size"", ""basic_domestic_demand"": ""Derived estimate using DPWH 55 L/person/day midpoint for Level II rural-water design"", ""nrw_design_assumption"": ""DPWH 15% NRW assumption for a new Level II system"", ""gross_production_requirement"": ""Derived estimate: net demand / (1 - 0.15)""}",https://psa.gov.ph/classification/psgc/barangays/0806003000,4.3,560,55,132385,0.1324,15,0.1557,236.5,529
Calbayog City,City,Cagsalaosao,0806003036,Rural,1929,12400,Lower-Middle,800,6.5,52,62,173.6,Fishing and agriculture,High,22000,High,Target affordability support and improve service reliability,"{""barangay_name"": ""PSA PSGC"", ""psgc_code"": ""PSA PSGC"", ""urban_rural"": ""PSA PSGC"", ""population_2024"": ""PSA 2024 POPCEN"", ""water_economics_fields"": ""Simulated for prototype only"", ""avg_household_size_2020_lgu"": ""PSA 2020 Census"", ""households_2024_estimated"": ""Derived estimate: 2024 barangay population / 2020 LGU average household size"", ""basic_domestic_demand"": ""Derived estimate using DPWH 55 L/person/day midpoint for Level II rural-water design"", ""nrw_design_assumption"": ""DPWH 15% NRW assumption for a new Level II system"", ""gross_production_requirement"": ""Derived estimate: net demand / (1 - 0.15)""}",https://psa.gov.ph/classification/psgc/barangays/0806003000,4.3,449,55,106095,0.1061,15,0.1248,236.5,424
Calbayog City,City,Cahumpan,0806003037,Rural,614,12600,Lower-Middle,840,6.7,59,73,55.3,Agriculture and local services,High,7000,High,Target affordability support and improve service reliability,"{""barangay_name"": ""PSA PSGC"", ""psgc_code"": ""PSA PSGC"", ""urban_rural"": ""PSA PSGC"", ""population_2024"": ""PSA 2024 POPCEN"", ""water_economics_fields"": ""Simulated for prototype only"", ""avg_household_size_2020_lgu"": ""PSA 2020 Census"", ""households_2024_estimated"": ""Derived estimate: 2024 barangay population / 2020 LGU average household size"", ""basic_domestic_demand"": ""Derived estimate using DPWH 55 L/person/day midpoint for Level II rural-water design"", ""nrw_design_assumption"": ""DPWH 15% NRW assumption for a new Level II system"", ""gross_production_requirement"": ""Derived estimate: net demand / (1 - 0.15)""}",https://psa.gov.ph/classification/psgc/barangays/0806003000,4.3,143,55,33770,0.0338,15,0.0397,236.5,135
Calbayog City,City,Calocnayan,0806003039,Rural,80,12900,Lower-Middle,910,7.1,73,67,7.2,"Fishing, farming, and microenterprise",High,1000,High,Target affordability support and improve service reliability,"{""barangay_name"": ""PSA PSGC"", ""psgc_code"": ""PSA PSGC"", ""urban_rural"": ""PSA PSGC"", ""population_2024"": ""PSA 2024 POPCEN"", ""water_economics_fields"": ""Simulated for prototype only"", ""avg_household_size_2020_lgu"": ""PSA 2020 Census"", ""households_2024_estimated"": ""Derived estimate: 2024 barangay population / 2020 LGU average household size"", ""basic_domestic_demand"": ""Derived estimate using DPWH 55 L/person/day midpoint for Level II rural-water design"", ""nrw_design_assumption"": ""DPWH 15% NRW assumption for a new Level II system"", ""gross_production_requirement"": ""Derived estimate: net demand / (1 - 0.15)""}",https://psa.gov.ph/classification/psgc/barangays/0806003000,4.3,19,55,4400,0.0044,15,0.0052,236.5,18
Calbayog City,City,Cangomaod,0806003040,Rural,149,13100,Lower-Middle,950,7.3,52,78,13.4,Agriculture and small-scale livelihood,High,2000,High,Target affordability support and improve service reliability,"{""barangay_name"": ""PSA PSGC"", ""psgc_code"": ""PSA PSGC"", ""urban_rural"": ""PSA PSGC"", ""population_2024"": ""PSA 2024 POPCEN"", ""water_economics_fields"": ""Simulated for prototype only"", ""avg_household_size_2020_lgu"": ""PSA 2020 Census"", ""households_2024_estimated"": ""Derived estimate: 2024 barangay population / 2020 LGU average household size"", ""basic_domestic_demand"": ""Derived estimate using DPWH 55 L/person/day midpoint for Level II rural-water design"", ""nrw_design_assumption"": ""DPWH 15% NRW assumption for a new Level II system"", ""gross_production_requirement"": ""Derived estimate: net demand / (1 - 0.15)""}",https://psa.gov.ph/classification/psgc/barangays/0806003000,4.3,35,55,8195,0.0082,15,0.0096,236.5,33
Calbayog City,City,Canhumadac,0806003041,Rural,402,13300,Lower-Middle,690,5.2,59,61,36.2,Fishing and agriculture,High,5000,High,Target affordability support and improve service reliability,"{""barangay_name"": ""PSA PSGC"", ""psgc_code"": ""PSA PSGC"", ""urban_rural"": ""PSA PSGC"", ""population_2024"": ""PSA 2024 POPCEN"", ""water_economics_fields"": ""Simulated for prototype only"", ""avg_household_size_2020_lgu"": ""PSA 2020 Census"", ""households_2024_estimated"": ""Derived estimate: 2024 barangay population / 2020 LGU average household size"", ""basic_domestic_demand"": ""Derived estimate using DPWH 55 L/person/day midpoint for Level II rural-water design"", ""nrw_design_assumption"": ""DPWH 15% NRW assumption for a new Level II system"", ""gross_production_requirement"": ""Derived estimate: net demand / (1 - 0.15)""}",https://psa.gov.ph/classification/psgc/barangays/0806003000,4.3,93,55,22110,0.0221,15,0.026,236.5,88
Calbayog City,City,Capacuhan,0806003042,Rural,898,13500,Lower-Middle,720,5.3,66,72,80.8,Agriculture and local services,Medium,11000,High,"Prioritize reliability, access, and shortage-resilience improvements","{""barangay_name"": ""PSA PSGC"", ""psgc_code"": ""PSA PSGC"", ""urban_rural"": ""PSA PSGC"", ""population_2024"": ""PSA 2024 POPCEN"", ""water_economics_fields"": ""Simulated for prototype only"", ""avg_household_size_2020_lgu"": ""PSA 2020 Census"", ""households_2024_estimated"": ""Derived estimate: 2024 barangay population / 2020 LGU average household size"", ""basic_domestic_demand"": ""Derived estimate using DPWH 55 L/person/day midpoint for Level II rural-water design"", ""nrw_design_assumption"": ""DPWH 15% NRW assumption for a new Level II system"", ""gross_production_requirement"": ""Derived estimate: net demand / (1 - 0.15)""}",https://psa.gov.ph/classification/psgc/barangays/0806003000,4.3,209,55,49390,0.0494,15,0.0581,236.5,197
Calbayog City,City,Capoocan,0806003043,Urban,5215,18900,Middle,670,3.5,83,94,599.7,Mixed urban livelihood,Low,109000,Low,"Maintain service and monitor demand, affordability, and reliability","{""barangay_name"": ""PSA PSGC"", ""psgc_code"": ""PSA PSGC"", ""urban_rural"": ""PSA PSGC"", ""population_2024"": ""PSA 2024 POPCEN"", ""water_economics_fields"": ""Simulated for prototype only"", ""avg_household_size_2020_lgu"": ""PSA 2020 Census"", ""households_2024_estimated"": ""Derived estimate: 2024 barangay population / 2020 LGU average household size"", ""basic_domestic_demand"": ""Derived estimate using DPWH 55 L/person/day midpoint for Level II rural-water design"", ""nrw_design_assumption"": ""DPWH 15% NRW assumption for a new Level II system"", ""gross_production_requirement"": ""Derived estimate: net demand / (1 - 0.15)""}",https://psa.gov.ph/classification/psgc/barangays/0806003000,4.3,1213,55,286825,0.2868,15,0.3374,236.5,1227
Calbayog City,City,Carayman,0806003044,Urban,5137,19100,Middle,710,3.7,90,88,590.8,Public and private services,Low,108000,Low,"Maintain service and monitor demand, affordability, and reliability","{""barangay_name"": ""PSA PSGC"", ""psgc_code"": ""PSA PSGC"", ""urban_rural"": ""PSA PSGC"", ""population_2024"": ""PSA 2024 POPCEN"", ""water_economics_fields"": ""Simulated for prototype only"", ""avg_household_size_2020_lgu"": ""PSA 2020 Census"", ""households_2024_estimated"": ""Derived estimate: 2024 barangay population / 2020 LGU average household size"", ""basic_domestic_demand"": ""Derived estimate using DPWH 55 L/person/day midpoint for Level II rural-water design"", ""nrw_design_assumption"": ""DPWH 15% NRW assumption for a new Level II system"", ""gross_production_requirement"": ""Derived estimate: net demand / (1 - 0.15)""}",https://psa.gov.ph/classification/psgc/barangays/0806003000,4.3,1195,55,282535,0.2825,15,0.3324,236.5,1209
Calbayog City,City,Catabunan,0806003045,Rural,283,14000,Lower-Middle,840,6.0,59,77,25.5,Agriculture and small-scale livelihood,Medium,3000,High,Target affordability support and improve service reliability,"{""barangay_name"": ""PSA PSGC"", ""psgc_code"": ""PSA PSGC"", ""urban_rural"": ""PSA PSGC"", ""population_2024"": ""PSA 2024 POPCEN"", ""water_economics_fields"": ""Simulated for prototype only"", ""avg_household_size_2020_lgu"": ""PSA 2020 Census"", ""households_2024_estimated"": ""Derived estimate: 2024 barangay population / 2020 LGU average household size"", ""basic_domestic_demand"": ""Derived estimate using DPWH 55 L/person/day midpoint for Level II rural-water design"", ""nrw_design_assumption"": ""DPWH 15% NRW assumption for a new Level II system"", ""gross_production_requirement"": ""Derived estimate: net demand / (1 - 0.15)""}",https://psa.gov.ph/classification/psgc/barangays/0806003000,4.3,66,55,15565,0.0156,15,0.0183,236.5,62
Calbayog City,City,Caybago,0806003047,Rural,463,14300,Lower-Middle,910,6.4,73,71,41.7,Agriculture and local services,Medium,6000,High,Target affordability support and improve service reliability,"{""barangay_name"": ""PSA PSGC"", ""psgc_code"": ""PSA PSGC"", ""urban_rural"": ""PSA PSGC"", ""population_2024"": ""PSA 2024 POPCEN"", ""water_economics_fields"": ""Simulated for prototype only"", ""avg_household_size_2020_lgu"": ""PSA 2020 Census"", ""households_2024_estimated"": ""Derived estimate: 2024 barangay population / 2020 LGU average household size"", ""basic_domestic_demand"": ""Derived estimate using DPWH 55 L/person/day midpoint for Level II rural-water design"", ""nrw_design_assumption"": ""DPWH 15% NRW assumption for a new Level II system"", ""gross_production_requirement"": ""Derived estimate: net demand / (1 - 0.15)""}",https://psa.gov.ph/classification/psgc/barangays/0806003000,4.3,108,55,25465,0.0255,15,0.03,236.5,102
Calbayog City,City,Central,0806003048,Urban,595,19800,Upper-Middle,620,3.1,88,81,68.4,Mixed urban livelihood,Low,13000,Low,"Maintain service and monitor demand, affordability, and reliability","{""barangay_name"": ""PSA PSGC"", ""psgc_code"": ""PSA PSGC"", ""urban_rural"": ""PSA PSGC"", ""population_2024"": ""PSA 2024 POPCEN"", ""water_economics_fields"": ""Simulated for prototype only"", ""avg_household_size_2020_lgu"": ""PSA 2020 Census"", ""households_2024_estimated"": ""Derived estimate: 2024 barangay population / 2020 LGU average household size"", ""basic_domestic_demand"": ""Derived estimate using DPWH 55 L/person/day midpoint for Level II rural-water design"", ""nrw_design_assumption"": ""DPWH 15% NRW assumption for a new Level II system"", ""gross_production_requirement"": ""Derived estimate: net demand / (1 - 0.15)""}",https://psa.gov.ph/classification/psgc/barangays/0806003000,4.3,138,55,32725,0.0327,15,0.0385,236.5,140
Calbayog City,City,Cogon,0806003049,Rural,1139,14700,Lower-Middle,680,4.6,59,65,102.5,"Fishing, farming, and microenterprise",Medium,14000,High,"Prioritize reliability, access, and shortage-resilience improvements","{""barangay_name"": ""PSA PSGC"", ""psgc_code"": ""PSA PSGC"", ""urban_rural"": ""PSA PSGC"", ""population_2024"": ""PSA 2024 POPCEN"", ""water_economics_fields"": ""Simulated for prototype only"", ""avg_household_size_2020_lgu"": ""PSA 2020 Census"", ""households_2024_estimated"": ""Derived estimate: 2024 barangay population / 2020 LGU average household size"", ""basic_domestic_demand"": ""Derived estimate using DPWH 55 L/person/day midpoint for Level II rural-water design"", ""nrw_design_assumption"": ""DPWH 15% NRW assumption for a new Level II system"", ""gross_production_requirement"": ""Derived estimate: net demand / (1 - 0.15)""}",https://psa.gov.ph/classification/psgc/barangays/0806003000,4.3,265,55,62645,0.0626,15,0.0737,236.5,250
Calbayog City,City,Dagum,0806003050,Urban,6199,20200,Upper-Middle,690,3.4,87,86,712.9,Retail and services,Low,135000,Low,"Maintain service and monitor demand, affordability, and reliability","{""barangay_name"": ""PSA PSGC"", ""psgc_code"": ""PSA PSGC"", ""urban_rural"": ""PSA PSGC"", ""population_2024"": ""PSA 2024 POPCEN"", ""water_economics_fields"": ""Simulated for prototype only"", ""avg_household_size_2020_lgu"": ""PSA 2020 Census"", ""households_2024_estimated"": ""Derived estimate: 2024 barangay population / 2020 LGU average household size"", ""basic_domestic_demand"": ""Derived estimate using DPWH 55 L/person/day midpoint for Level II rural-water design"", ""nrw_design_assumption"": ""DPWH 15% NRW assumption for a new Level II system"", ""gross_production_requirement"": ""Derived estimate: net demand / (1 - 0.15)""}",https://psa.gov.ph/classification/psgc/barangays/0806003000,4.3,1442,55,340945,0.3409,15,0.4011,236.5,1459
Calbayog City,City,Dawo,0806003052,Rural,1307,15200,Lower-Middle,790,5.2,52,70,117.6,Agriculture and local services,Medium,17000,High,"Prioritize reliability, access, and shortage-resilience improvements","{""barangay_name"": ""PSA PSGC"", ""psgc_code"": ""PSA PSGC"", ""urban_rural"": ""PSA PSGC"", ""population_2024"": ""PSA 2024 POPCEN"", ""water_economics_fields"": ""Simulated for prototype only"", ""avg_household_size_2020_lgu"": ""PSA 2020 Census"", ""households_2024_estimated"": ""Derived estimate: 2024 barangay population / 2020 LGU average household size"", ""basic_domestic_demand"": ""Derived estimate using DPWH 55 L/person/day midpoint for Level II rural-water design"", ""nrw_design_assumption"": ""DPWH 15% NRW assumption for a new Level II system"", ""gross_production_requirement"": ""Derived estimate: net demand / (1 - 0.15)""}",https://psa.gov.ph/classification/psgc/barangays/0806003000,4.3,304,55,71885,0.0719,15,0.0846,236.5,287
Calbayog City,City,De Victoria,0806003053,Rural,373,15400,Lower-Middle,830,5.4,59,81,33.6,Mixed rural livelihood,Medium,5000,High,"Prioritize reliability, access, and shortage-resilience improvements","{""barangay_name"": ""PSA PSGC"", ""psgc_code"": ""PSA PSGC"", ""urban_rural"": ""PSA PSGC"", ""population_2024"": ""PSA 2024 POPCEN"", ""water_economics_fields"": ""Simulated for prototype only"", ""avg_household_size_2020_lgu"": ""PSA 2020 Census"", ""households_2024_estimated"": ""Derived estimate: 2024 barangay population / 2020 LGU average household size"", ""basic_domestic_demand"": ""Derived estimate using DPWH 55 L/person/day midpoint for Level II rural-water design"", ""nrw_design_assumption"": ""DPWH 15% NRW assumption for a new Level II system"", ""gross_production_requirement"": ""Derived estimate: net demand / (1 - 0.15)""}",https://psa.gov.ph/classification/psgc/barangays/0806003000,4.3,87,55,20515,0.0205,15,0.0241,236.5,82
Calbayog City,City,Dinabongan,0806003054,Rural,292,15500,Middle,870,5.6,66,64,26.3,"Fishing, farming, and microenterprise",Medium,4000,High,"Prioritize reliability, access, and shortage-resilience improvements","{""barangay_name"": ""PSA PSGC"", ""psgc_code"": ""PSA PSGC"", ""urban_rural"": ""PSA PSGC"", ""population_2024"": ""PSA 2024 POPCEN"", ""water_economics_fields"": ""Simulated for prototype only"", ""avg_household_size_2020_lgu"": ""PSA 2020 Census"", ""households_2024_estimated"": ""Derived estimate: 2024 barangay population / 2020 LGU average household size"", ""basic_domestic_demand"": ""Derived estimate using DPWH 55 L/person/day midpoint for Level II rural-water design"", ""nrw_design_assumption"": ""DPWH 15% NRW assumption for a new Level II system"", ""gross_production_requirement"": ""Derived estimate: net demand / (1 - 0.15)""}",https://psa.gov.ph/classification/psgc/barangays/0806003000,4.3,68,55,16060,0.0161,15,0.0189,236.5,64
Calbayog City,City,Dinagan,0806003055,Rural,765,15700,Middle,900,5.7,73,75,68.8,Agriculture and small-scale livelihood,Medium,10000,Medium,Monitor demand and strengthen reliability where cost-effective,"{""barangay_name"": ""PSA PSGC"", ""psgc_code"": ""PSA PSGC"", ""urban_rural"": ""PSA PSGC"", ""population_2024"": ""PSA 2024 POPCEN"", ""water_economics_fields"": ""Simulated for prototype only"", ""avg_household_size_2020_lgu"": ""PSA 2020 Census"", ""households_2024_estimated"": ""Derived estimate: 2024 barangay population / 2020 LGU average household size"", ""basic_domestic_demand"": ""Derived estimate using DPWH 55 L/person/day midpoint for Level II rural-water design"", ""nrw_design_assumption"": ""DPWH 15% NRW assumption for a new Level II system"", ""gross_production_requirement"": ""Derived estimate: net demand / (1 - 0.15)""}",https://psa.gov.ph/classification/psgc/barangays/0806003000,4.3,178,55,42075,0.0421,15,0.0495,236.5,168
Calbayog City,City,Dinawacan,0806003056,Rural,341,15900,Middle,940,5.9,52,58,30.7,Fishing and agriculture,High,5000,High,Target affordability support and improve service reliability,"{""barangay_name"": ""PSA PSGC"", ""psgc_code"": ""PSA PSGC"", ""urban_rural"": ""PSA PSGC"", ""population_2024"": ""PSA 2024 POPCEN"", ""water_economics_fields"": ""Simulated for prototype only"", ""avg_household_size_2020_lgu"": ""PSA 2020 Census"", ""households_2024_estimated"": ""Derived estimate: 2024 barangay population / 2020 LGU average household size"", ""basic_domestic_demand"": ""Derived estimate using DPWH 55 L/person/day midpoint for Level II rural-water design"", ""nrw_design_assumption"": ""DPWH 15% NRW assumption for a new Level II system"", ""gross_production_requirement"": ""Derived estimate: net demand / (1 - 0.15)""}",https://psa.gov.ph/classification/psgc/barangays/0806003000,4.3,79,55,18755,0.0188,15,0.0221,236.5,75
Calbayog City,City,Esperanza,0806003057,Rural,94,16100,Middle,680,4.2,59,69,8.5,Agriculture and local services,Medium,1000,High,"Prioritize reliability, access, and shortage-resilience improvements","{""barangay_name"": ""PSA PSGC"", ""psgc_code"": ""PSA PSGC"", ""urban_rural"": ""PSA PSGC"", ""population_2024"": ""PSA 2024 POPCEN"", ""water_economics_fields"": ""Simulated for prototype only"", ""avg_household_size_2020_lgu"": ""PSA 2020 Census"", ""households_2024_estimated"": ""Derived estimate: 2024 barangay population / 2020 LGU average household size"", ""basic_domestic_demand"": ""Derived estimate using DPWH 55 L/person/day midpoint for Level II rural-water design"", ""nrw_design_assumption"": ""DPWH 15% NRW assumption for a new Level II system"", ""gross_production_requirement"": ""Derived estimate: net demand / (1 - 0.15)""}",https://psa.gov.ph/classification/psgc/barangays/0806003000,4.3,22,55,5170,0.0052,15,0.0061,236.5,21
Calbayog City,City,Gadgaran,0806003058,Rural,2106,16200,Middle,720,4.4,66,80,189.5,Mixed rural livelihood,Low,28000,High,"Prioritize reliability, access, and shortage-resilience improvements","{""barangay_name"": ""PSA PSGC"", ""psgc_code"": ""PSA PSGC"", ""urban_rural"": ""PSA PSGC"", ""population_2024"": ""PSA 2024 POPCEN"", ""water_economics_fields"": ""Simulated for prototype only"", ""avg_household_size_2020_lgu"": ""PSA 2020 Census"", ""households_2024_estimated"": ""Derived estimate: 2024 barangay population / 2020 LGU average household size"", ""basic_domestic_demand"": ""Derived estimate using DPWH 55 L/person/day midpoint for Level II rural-water design"", ""nrw_design_assumption"": ""DPWH 15% NRW assumption for a new Level II system"", ""gross_production_requirement"": ""Derived estimate: net demand / (1 - 0.15)""}",https://psa.gov.ph/classification/psgc/barangays/0806003000,4.3,490,55,115830,0.1158,15,0.1363,236.5,463
Calbayog City,City,Gasdo,0806003059,Rural,166,16400,Middle,750,4.6,73,63,14.9,"Fishing, farming, and microenterprise",Medium,2000,High,"Prioritize reliability, access, and shortage-resilience improvements","{""barangay_name"": ""PSA PSGC"", ""psgc_code"": ""PSA PSGC"", ""urban_rural"": ""PSA PSGC"", ""population_2024"": ""PSA 2024 POPCEN"", ""water_economics_fields"": ""Simulated for prototype only"", ""avg_household_size_2020_lgu"": ""PSA 2020 Census"", ""households_2024_estimated"": ""Derived estimate: 2024 barangay population / 2020 LGU average household size"", ""basic_domestic_demand"": ""Derived estimate using DPWH 55 L/person/day midpoint for Level II rural-water design"", ""nrw_design_assumption"": ""DPWH 15% NRW assumption for a new Level II system"", ""gross_production_requirement"": ""Derived estimate: net demand / (1 - 0.15)""}",https://psa.gov.ph/classification/psgc/barangays/0806003000,4.3,39,55,9130,0.0091,15,0.0107,236.5,36
Calbayog City,City,Helino,0806003060,Rural,166,16600,Middle,790,4.8,52,74,14.9,Agriculture and small-scale livelihood,Medium,2000,High,"Prioritize reliability, access, and shortage-resilience improvements","{""barangay_name"": ""PSA PSGC"", ""psgc_code"": ""PSA PSGC"", ""urban_rural"": ""PSA PSGC"", ""population_2024"": ""PSA 2024 POPCEN"", ""water_economics_fields"": ""Simulated for prototype only"", ""avg_household_size_2020_lgu"": ""PSA 2020 Census"", ""households_2024_estimated"": ""Derived estimate: 2024 barangay population / 2020 LGU average household size"", ""basic_domestic_demand"": ""Derived estimate using DPWH 55 L/person/day midpoint for Level II rural-water design"", ""nrw_design_assumption"": ""DPWH 15% NRW assumption for a new Level II system"", ""gross_production_requirement"": ""Derived estimate: net demand / (1 - 0.15)""}",https://psa.gov.ph/classification/psgc/barangays/0806003000,4.3,39,55,9130,0.0091,15,0.0107,236.5,36
Calbayog City,City,Geragaan,0806003061,Rural,472,11600,Low Income,830,7.2,59,85,42.5,Fishing and agriculture,High,5000,High,Target affordability support and improve service reliability,"{""barangay_name"": ""PSA PSGC"", ""psgc_code"": ""PSA PSGC"", ""urban_rural"": ""PSA PSGC"", ""population_2024"": ""PSA 2024 POPCEN"", ""water_economics_fields"": ""Simulated for prototype only"", ""avg_household_size_2020_lgu"": ""PSA 2020 Census"", ""households_2024_estimated"": ""Derived estimate: 2024 barangay population / 2020 LGU average household size"", ""basic_domestic_demand"": ""Derived estimate using DPWH 55 L/person/day midpoint for Level II rural-water design"", ""nrw_design_assumption"": ""DPWH 15% NRW assumption for a new Level II system"", ""gross_production_requirement"": ""Derived estimate: net demand / (1 - 0.15)""}",https://psa.gov.ph/classification/psgc/barangays/0806003000,4.3,110,55,25960,0.026,15,0.0305,236.5,104
Calbayog City,City,Guin-on,0806003062,Rural,1253,11700,Low Income,860,7.4,66,68,112.8,Agriculture and local services,High,14000,High,Target affordability support and improve service reliability,"{""barangay_name"": ""PSA PSGC"", ""psgc_code"": ""PSA PSGC"", ""urban_rural"": ""PSA PSGC"", ""population_2024"": ""PSA 2024 POPCEN"", ""water_economics_fields"": ""Simulated for prototype only"", ""avg_household_size_2020_lgu"": ""PSA 2020 Census"", ""households_2024_estimated"": ""Derived estimate: 2024 barangay population / 2020 LGU average household size"", ""basic_domestic_demand"": ""Derived estimate using DPWH 55 L/person/day midpoint for Level II rural-water design"", ""nrw_design_assumption"": ""DPWH 15% NRW assumption for a new Level II system"", ""gross_production_requirement"": ""Derived estimate: net demand / (1 - 0.15)""}",https://psa.gov.ph/classification/psgc/barangays/0806003000,4.3,291,55,68915,0.0689,15,0.0811,236.5,275
Calbayog City,City,Guinbaoyan Norte,0806003063,Rural,777,11900,Low Income,900,7.6,73,79,69.9,Mixed rural livelihood,High,9000,High,Target affordability support and improve service reliability,"{""barangay_name"": ""PSA PSGC"", ""psgc_code"": ""PSA PSGC"", ""urban_rural"": ""PSA PSGC"", ""population_2024"": ""PSA 2024 POPCEN"", ""water_economics_fields"": ""Simulated for prototype only"", ""avg_household_size_2020_lgu"": ""PSA 2020 Census"", ""households_2024_estimated"": ""Derived estimate: 2024 barangay population / 2020 LGU average household size"", ""basic_domestic_demand"": ""Derived estimate using DPWH 55 L/person/day midpoint for Level II rural-water design"", ""nrw_design_assumption"": ""DPWH 15% NRW assumption for a new Level II system"", ""gross_production_requirement"": ""Derived estimate: net demand / (1 - 0.15)""}",https://psa.gov.ph/classification/psgc/barangays/0806003000,4.3,181,55,42735,0.0427,15,0.0503,236.5,171
Calbayog City,City,Guinbaoyan Sur,0806003064,Rural,881,12100,Lower-Middle,940,7.8,52,62,79.3,"Fishing, farming, and microenterprise",High,10000,High,Target affordability support and improve service reliability,"{""barangay_name"": ""PSA PSGC"", ""psgc_code"": ""PSA PSGC"", ""urban_rural"": ""PSA PSGC"", ""population_2024"": ""PSA 2024 POPCEN"", ""water_economics_fields"": ""Simulated for prototype only"", ""avg_household_size_2020_lgu"": ""PSA 2020 Census"", ""households_2024_estimated"": ""Derived estimate: 2024 barangay population / 2020 LGU average household size"", ""basic_domestic_demand"": ""Derived estimate using DPWH 55 L/person/day midpoint for Level II rural-water design"", ""nrw_design_assumption"": ""DPWH 15% NRW assumption for a new Level II system"", ""gross_production_requirement"": ""Derived estimate: net demand / (1 - 0.15)""}",https://psa.gov.ph/classification/psgc/barangays/0806003000,4.3,205,55,48455,0.0485,15,0.057,236.5,194
Calbayog City,City,Hamorawon,0806003065,Rural,4658,12200,Lower-Middle,680,5.6,59,73,419.2,Agriculture and small-scale livelihood,Medium,52000,High,"Prioritize reliability, access, and shortage-resilience improvements","{""barangay_name"": ""PSA PSGC"", ""psgc_code"": ""PSA PSGC"", ""urban_rural"": ""PSA PSGC"", ""population_2024"": ""PSA 2024 POPCEN"", ""water_economics_fields"": ""Simulated for prototype only"", ""avg_household_size_2020_lgu"": ""PSA 2020 Census"", ""households_2024_estimated"": ""Derived estimate: 2024 barangay population / 2020 LGU average household size"", ""basic_domestic_demand"": ""Derived estimate using DPWH 55 L/person/day midpoint for Level II rural-water design"", ""nrw_design_assumption"": ""DPWH 15% NRW assumption for a new Level II system"", ""gross_production_requirement"": ""Derived estimate: net demand / (1 - 0.15)""}",https://psa.gov.ph/classification/psgc/barangays/0806003000,4.3,1083,55,256190,0.2562,15,0.3014,236.5,1024
Calbayog City,City,Hibabngan,0806003066,Rural,220,12400,Lower-Middle,710,5.7,66,84,19.8,Fishing and agriculture,Medium,2000,High,"Prioritize reliability, access, and shortage-resilience improvements","{""barangay_name"": ""PSA PSGC"", ""psgc_code"": ""PSA PSGC"", ""urban_rural"": ""PSA PSGC"", ""population_2024"": ""PSA 2024 POPCEN"", ""water_economics_fields"": ""Simulated for prototype only"", ""avg_household_size_2020_lgu"": ""PSA 2020 Census"", ""households_2024_estimated"": ""Derived estimate: 2024 barangay population / 2020 LGU average household size"", ""basic_domestic_demand"": ""Derived estimate using DPWH 55 L/person/day midpoint for Level II rural-water design"", ""nrw_design_assumption"": ""DPWH 15% NRW assumption for a new Level II system"", ""gross_production_requirement"": ""Derived estimate: net demand / (1 - 0.15)""}",https://psa.gov.ph/classification/psgc/barangays/0806003000,4.3,51,55,12100,0.0121,15,0.0142,236.5,48
Calbayog City,City,Hibatang,0806003067,Rural,225,12600,Lower-Middle,750,6.0,73,67,20.2,Agriculture and local services,Medium,3000,High,Target affordability support and improve service reliability,"{""barangay_name"": ""PSA PSGC"", ""psgc_code"": ""PSA PSGC"", ""urban_rural"": ""PSA PSGC"", ""population_2024"": ""PSA 2024 POPCEN"", ""water_economics_fields"": ""Simulated for prototype only"", ""avg_household_size_2020_lgu"": ""PSA 2020 Census"", ""households_2024_estimated"": ""Derived estimate: 2024 barangay population / 2020 LGU average household size"", ""basic_domestic_demand"": ""Derived estimate using DPWH 55 L/person/day midpoint for Level II rural-water design"", ""nrw_design_assumption"": ""DPWH 15% NRW assumption for a new Level II system"", ""gross_production_requirement"": ""Derived estimate: net demand / (1 - 0.15)""}",https://psa.gov.ph/classification/psgc/barangays/0806003000,4.3,52,55,12375,0.0124,15,0.0146,236.5,49
Calbayog City,City,Higasaan,0806003068,Rural,266,12800,Lower-Middle,790,6.2,52,78,23.9,Mixed rural livelihood,High,3000,High,Target affordability support and improve service reliability,"{""barangay_name"": ""PSA PSGC"", ""psgc_code"": ""PSA PSGC"", ""urban_rural"": ""PSA PSGC"", ""population_2024"": ""PSA 2024 POPCEN"", ""water_economics_fields"": ""Simulated for prototype only"", ""avg_household_size_2020_lgu"": ""PSA 2020 Census"", ""households_2024_estimated"": ""Derived estimate: 2024 barangay population / 2020 LGU average household size"", ""basic_domestic_demand"": ""Derived estimate using DPWH 55 L/person/day midpoint for Level II rural-water design"", ""nrw_design_assumption"": ""DPWH 15% NRW assumption for a new Level II system"", ""gross_production_requirement"": ""Derived estimate: net demand / (1 - 0.15)""}",https://psa.gov.ph/classification/psgc/barangays/0806003000,4.3,62,55,14630,0.0146,15,0.0172,236.5,58
Calbayog City,City,Himalandrog,0806003069,Rural,727,12900,Lower-Middle,820,6.4,59,61,65.4,"Fishing, farming, and microenterprise",High,8000,High,Target affordability support and improve service reliability,"{""barangay_name"": ""PSA PSGC"", ""psgc_code"": ""PSA PSGC"", ""urban_rural"": ""PSA PSGC"", ""population_2024"": ""PSA 2024 POPCEN"", ""water_economics_fields"": ""Simulated for prototype only"", ""avg_household_size_2020_lgu"": ""PSA 2020 Census"", ""households_2024_estimated"": ""Derived estimate: 2024 barangay population / 2020 LGU average household size"", ""basic_domestic_demand"": ""Derived estimate using DPWH 55 L/person/day midpoint for Level II rural-water design"", ""nrw_design_assumption"": ""DPWH 15% NRW assumption for a new Level II system"", ""gross_production_requirement"": ""Derived estimate: net demand / (1 - 0.15)""}",https://psa.gov.ph/classification/psgc/barangays/0806003000,4.3,169,55,39985,0.04,15,0.047,236.5,160
Calbayog City,City,Jimautan,0806003070,Rural,698,13100,Lower-Middle,860,6.6,66,72,62.8,Agriculture and small-scale livelihood,High,8000,High,Target affordability support and improve service reliability,"{""barangay_name"": ""PSA PSGC"", ""psgc_code"": ""PSA PSGC"", ""urban_rural"": ""PSA PSGC"", ""population_2024"": ""PSA 2024 POPCEN"", ""water_economics_fields"": ""Simulated for prototype only"", ""avg_household_size_2020_lgu"": ""PSA 2020 Census"", ""households_2024_estimated"": ""Derived estimate: 2024 barangay population / 2020 LGU average household size"", ""basic_domestic_demand"": ""Derived estimate using DPWH 55 L/person/day midpoint for Level II rural-water design"", ""nrw_design_assumption"": ""DPWH 15% NRW assumption for a new Level II system"", ""gross_production_requirement"": ""Derived estimate: net demand / (1 - 0.15)""}",https://psa.gov.ph/classification/psgc/barangays/0806003000,4.3,162,55,38390,0.0384,15,0.0452,236.5,153
Calbayog City,City,Hugon Rosales,0806003071,Rural,253,13300,Lower-Middle,900,6.8,73,83,22.8,Fishing and agriculture,Medium,3000,High,Target affordability support and improve service reliability,"{""barangay_name"": ""PSA PSGC"", ""psgc_code"": ""PSA PSGC"", ""urban_rural"": ""PSA PSGC"", ""population_2024"": ""PSA 2024 POPCEN"", ""water_economics_fields"": ""Simulated for prototype only"", ""avg_household_size_2020_lgu"": ""PSA 2020 Census"", ""households_2024_estimated"": ""Derived estimate: 2024 barangay population / 2020 LGU average household size"", ""basic_domestic_demand"": ""Derived estimate using DPWH 55 L/person/day midpoint for Level II rural-water design"", ""nrw_design_assumption"": ""DPWH 15% NRW assumption for a new Level II system"", ""gross_production_requirement"": ""Derived estimate: net demand / (1 - 0.15)""}",https://psa.gov.ph/classification/psgc/barangays/0806003000,4.3,59,55,13915,0.0139,15,0.0164,236.5,56
Calbayog City,City,Jacinto,0806003072,Rural,138,13500,Lower-Middle,930,6.9,52,66,12.4,Agriculture and local services,High,2000,High,Target affordability support and improve service reliability,"{""barangay_name"": ""PSA PSGC"", ""psgc_code"": ""PSA PSGC"", ""urban_rural"": ""PSA PSGC"", ""population_2024"": ""PSA 2024 POPCEN"", ""water_economics_fields"": ""Simulated for prototype only"", ""avg_household_size_2020_lgu"": ""PSA 2020 Census"", ""households_2024_estimated"": ""Derived estimate: 2024 barangay population / 2020 LGU average household size"", ""basic_domestic_demand"": ""Derived estimate using DPWH 55 L/person/day midpoint for Level II rural-water design"", ""nrw_design_assumption"": ""DPWH 15% NRW assumption for a new Level II system"", ""gross_production_requirement"": ""Derived estimate: net demand / (1 - 0.15)""}",https://psa.gov.ph/classification/psgc/barangays/0806003000,4.3,32,55,7590,0.0076,15,0.0089,236.5,30
Calbayog City,City,Aguit-itan,0806003074,Urban,2413,19100,Middle,620,3.2,90,95,277.5,Public and private services,Low,51000,Low,"Maintain service and monitor demand, affordability, and reliability","{""barangay_name"": ""PSA PSGC"", ""psgc_code"": ""PSA PSGC"", ""urban_rural"": ""PSA PSGC"", ""population_2024"": ""PSA 2024 POPCEN"", ""water_economics_fields"": ""Simulated for prototype only"", ""avg_household_size_2020_lgu"": ""PSA 2020 Census"", ""households_2024_estimated"": ""Derived estimate: 2024 barangay population / 2020 LGU average household size"", ""basic_domestic_demand"": ""Derived estimate using DPWH 55 L/person/day midpoint for Level II rural-water design"", ""nrw_design_assumption"": ""DPWH 15% NRW assumption for a new Level II system"", ""gross_production_requirement"": ""Derived estimate: net demand / (1 - 0.15)""}",https://psa.gov.ph/classification/psgc/barangays/0806003000,4.3,561,55,132715,0.1327,15,0.1561,236.5,568
Calbayog City,City,Kilikili,0806003076,Rural,397,14100,Lower-Middle,780,5.5,52,82,35.7,Fishing and agriculture,Medium,5000,High,"Prioritize reliability, access, and shortage-resilience improvements","{""barangay_name"": ""PSA PSGC"", ""psgc_code"": ""PSA PSGC"", ""urban_rural"": ""PSA PSGC"", ""population_2024"": ""PSA 2024 POPCEN"", ""water_economics_fields"": ""Simulated for prototype only"", ""avg_household_size_2020_lgu"": ""PSA 2020 Census"", ""households_2024_estimated"": ""Derived estimate: 2024 barangay population / 2020 LGU average household size"", ""basic_domestic_demand"": ""Derived estimate using DPWH 55 L/person/day midpoint for Level II rural-water design"", ""nrw_design_assumption"": ""DPWH 15% NRW assumption for a new Level II system"", ""gross_production_requirement"": ""Derived estimate: net demand / (1 - 0.15)""}",https://psa.gov.ph/classification/psgc/barangays/0806003000,4.3,92,55,21835,0.0218,15,0.0257,236.5,87
Calbayog City,City,La Paz,0806003077,Rural,643,14300,Lower-Middle,820,5.7,59,65,57.9,Agriculture and local services,High,8000,High,"Prioritize reliability, access, and shortage-resilience improvements","{""barangay_name"": ""PSA PSGC"", ""psgc_code"": ""PSA PSGC"", ""urban_rural"": ""PSA PSGC"", ""population_2024"": ""PSA 2024 POPCEN"", ""water_economics_fields"": ""Simulated for prototype only"", ""avg_household_size_2020_lgu"": ""PSA 2020 Census"", ""households_2024_estimated"": ""Derived estimate: 2024 barangay population / 2020 LGU average household size"", ""basic_domestic_demand"": ""Derived estimate using DPWH 55 L/person/day midpoint for Level II rural-water design"", ""nrw_design_assumption"": ""DPWH 15% NRW assumption for a new Level II system"", ""gross_production_requirement"": ""Derived estimate: net demand / (1 - 0.15)""}",https://psa.gov.ph/classification/psgc/barangays/0806003000,4.3,150,55,35365,0.0354,15,0.0416,236.5,141
Calbayog City,City,Langoyon,0806003078,Rural,108,14500,Lower-Middle,860,5.9,66,76,9.7,Mixed rural livelihood,Medium,1000,High,"Prioritize reliability, access, and shortage-resilience improvements","{""barangay_name"": ""PSA PSGC"", ""psgc_code"": ""PSA PSGC"", ""urban_rural"": ""PSA PSGC"", ""population_2024"": ""PSA 2024 POPCEN"", ""water_economics_fields"": ""Simulated for prototype only"", ""avg_household_size_2020_lgu"": ""PSA 2020 Census"", ""households_2024_estimated"": ""Derived estimate: 2024 barangay population / 2020 LGU average household size"", ""basic_domestic_demand"": ""Derived estimate using DPWH 55 L/person/day midpoint for Level II rural-water design"", ""nrw_design_assumption"": ""DPWH 15% NRW assumption for a new Level II system"", ""gross_production_requirement"": ""Derived estimate: net demand / (1 - 0.15)""}",https://psa.gov.ph/classification/psgc/barangays/0806003000,4.3,25,55,5940,0.0059,15,0.007,236.5,24
Calbayog City,City,Lapaan,0806003079,Rural,456,14700,Lower-Middle,890,6.1,73,59,41.0,"Fishing, farming, and microenterprise",High,6000,High,Target affordability support and improve service reliability,"{""barangay_name"": ""PSA PSGC"", ""psgc_code"": ""PSA PSGC"", ""urban_rural"": ""PSA PSGC"", ""population_2024"": ""PSA 2024 POPCEN"", ""water_economics_fields"": ""Simulated for prototype only"", ""avg_household_size_2020_lgu"": ""PSA 2020 Census"", ""households_2024_estimated"": ""Derived estimate: 2024 barangay population / 2020 LGU average household size"", ""basic_domestic_demand"": ""Derived estimate using DPWH 55 L/person/day midpoint for Level II rural-water design"", ""nrw_design_assumption"": ""DPWH 15% NRW assumption for a new Level II system"", ""gross_production_requirement"": ""Derived estimate: net demand / (1 - 0.15)""}",https://psa.gov.ph/classification/psgc/barangays/0806003000,4.3,106,55,25080,0.0251,15,0.0295,236.5,100
Calbayog City,City,Libertad,0806003081,Rural,352,15000,Lower-Middle,970,6.5,59,81,31.7,Fishing and agriculture,High,4000,High,Target affordability support and improve service reliability,"{""barangay_name"": ""PSA PSGC"", ""psgc_code"": ""PSA PSGC"", ""urban_rural"": ""PSA PSGC"", ""population_2024"": ""PSA 2024 POPCEN"", ""water_economics_fields"": ""Simulated for prototype only"", ""avg_household_size_2020_lgu"": ""PSA 2020 Census"", ""households_2024_estimated"": ""Derived estimate: 2024 barangay population / 2020 LGU average household size"", ""basic_domestic_demand"": ""Derived estimate using DPWH 55 L/person/day midpoint for Level II rural-water design"", ""nrw_design_assumption"": ""DPWH 15% NRW assumption for a new Level II system"", ""gross_production_requirement"": ""Derived estimate: net demand / (1 - 0.15)""}",https://psa.gov.ph/classification/psgc/barangays/0806003000,4.3,82,55,19360,0.0194,15,0.0228,236.5,77
Calbayog City,City,Limarayon,0806003082,Rural,524,15200,Lower-Middle,700,4.6,66,64,47.2,Agriculture and local services,Medium,7000,High,"Prioritize reliability, access, and shortage-resilience improvements","{""barangay_name"": ""PSA PSGC"", ""psgc_code"": ""PSA PSGC"", ""urban_rural"": ""PSA PSGC"", ""population_2024"": ""PSA 2024 POPCEN"", ""water_economics_fields"": ""Simulated for prototype only"", ""avg_household_size_2020_lgu"": ""PSA 2020 Census"", ""households_2024_estimated"": ""Derived estimate: 2024 barangay population / 2020 LGU average household size"", ""basic_domestic_demand"": ""Derived estimate using DPWH 55 L/person/day midpoint for Level II rural-water design"", ""nrw_design_assumption"": ""DPWH 15% NRW assumption for a new Level II system"", ""gross_production_requirement"": ""Derived estimate: net demand / (1 - 0.15)""}",https://psa.gov.ph/classification/psgc/barangays/0806003000,4.3,122,55,28820,0.0288,15,0.0339,236.5,115
Calbayog City,City,Looc,0806003083,Rural,559,15400,Lower-Middle,740,4.8,73,75,50.3,Mixed rural livelihood,Low,7000,Low,"Maintain service and monitor demand, affordability, and reliability","{""barangay_name"": ""PSA PSGC"", ""psgc_code"": ""PSA PSGC"", ""urban_rural"": ""PSA PSGC"", ""population_2024"": ""PSA 2024 POPCEN"", ""water_economics_fields"": ""Simulated for prototype only"", ""avg_household_size_2020_lgu"": ""PSA 2020 Census"", ""households_2024_estimated"": ""Derived estimate: 2024 barangay population / 2020 LGU average household size"", ""basic_domestic_demand"": ""Derived estimate using DPWH 55 L/person/day midpoint for Level II rural-water design"", ""nrw_design_assumption"": ""DPWH 15% NRW assumption for a new Level II system"", ""gross_production_requirement"": ""Derived estimate: net demand / (1 - 0.15)""}",https://psa.gov.ph/classification/psgc/barangays/0806003000,4.3,130,55,30745,0.0307,15,0.0362,236.5,123
Calbayog City,City,Longsob,0806003084,Rural,699,15500,Middle,780,5.0,52,58,62.9,"Fishing, farming, and microenterprise",High,9000,High,Target affordability support and improve service reliability,"{""barangay_name"": ""PSA PSGC"", ""psgc_code"": ""PSA PSGC"", ""urban_rural"": ""PSA PSGC"", ""population_2024"": ""PSA 2024 POPCEN"", ""water_economics_fields"": ""Simulated for prototype only"", ""avg_household_size_2020_lgu"": ""PSA 2020 Census"", ""households_2024_estimated"": ""Derived estimate: 2024 barangay population / 2020 LGU average household size"", ""basic_domestic_demand"": ""Derived estimate using DPWH 55 L/person/day midpoint for Level II rural-water design"", ""nrw_design_assumption"": ""DPWH 15% NRW assumption for a new Level II system"", ""gross_production_requirement"": ""Derived estimate: net demand / (1 - 0.15)""}",https://psa.gov.ph/classification/psgc/barangays/0806003000,4.3,163,55,38445,0.0384,15,0.0452,236.5,154
Calbayog City,City,Lonoy,0806003085,Rural,1114,15700,Middle,820,5.2,59,69,100.3,Agriculture and small-scale livelihood,Medium,15000,High,"Prioritize reliability, access, and shortage-resilience improvements","{""barangay_name"": ""PSA PSGC"", ""psgc_code"": ""PSA PSGC"", ""urban_rural"": ""PSA PSGC"", ""population_2024"": ""PSA 2024 POPCEN"", ""water_economics_fields"": ""Simulated for prototype only"", ""avg_household_size_2020_lgu"": ""PSA 2020 Census"", ""households_2024_estimated"": ""Derived estimate: 2024 barangay population / 2020 LGU average household size"", ""basic_domestic_demand"": ""Derived estimate using DPWH 55 L/person/day midpoint for Level II rural-water design"", ""nrw_design_assumption"": ""DPWH 15% NRW assumption for a new Level II system"", ""gross_production_requirement"": ""Derived estimate: net demand / (1 - 0.15)""}",https://psa.gov.ph/classification/psgc/barangays/0806003000,4.3,259,55,61270,0.0613,15,0.0721,236.5,245
Calbayog City,City,Mabini I,0806003086,Rural,76,15900,Middle,850,5.3,66,80,6.8,Fishing and agriculture,Medium,1000,High,"Prioritize reliability, access, and shortage-resilience improvements","{""barangay_name"": ""PSA PSGC"", ""psgc_code"": ""PSA PSGC"", ""urban_rural"": ""PSA PSGC"", ""population_2024"": ""PSA 2024 POPCEN"", ""water_economics_fields"": ""Simulated for prototype only"", ""avg_household_size_2020_lgu"": ""PSA 2020 Census"", ""households_2024_estimated"": ""Derived estimate: 2024 barangay population / 2020 LGU average household size"", ""basic_domestic_demand"": ""Derived estimate using DPWH 55 L/person/day midpoint for Level II rural-water design"", ""nrw_design_assumption"": ""DPWH 15% NRW assumption for a new Level II system"", ""gross_production_requirement"": ""Derived estimate: net demand / (1 - 0.15)""}",https://psa.gov.ph/classification/psgc/barangays/0806003000,4.3,18,55,4180,0.0042,15,0.0049,236.5,17
Calbayog City,City,Mabini II,0806003087,Rural,430,16100,Middle,890,5.5,73,63,38.7,Agriculture and local services,Medium,6000,High,"Prioritize reliability, access, and shortage-resilience improvements","{""barangay_name"": ""PSA PSGC"", ""psgc_code"": ""PSA PSGC"", ""urban_rural"": ""PSA PSGC"", ""population_2024"": ""PSA 2024 POPCEN"", ""water_economics_fields"": ""Simulated for prototype only"", ""avg_household_size_2020_lgu"": ""PSA 2020 Census"", ""households_2024_estimated"": ""Derived estimate: 2024 barangay population / 2020 LGU average household size"", ""basic_domestic_demand"": ""Derived estimate using DPWH 55 L/person/day midpoint for Level II rural-water design"", ""nrw_design_assumption"": ""DPWH 15% NRW assumption for a new Level II system"", ""gross_production_requirement"": ""Derived estimate: net demand / (1 - 0.15)""}",https://psa.gov.ph/classification/psgc/barangays/0806003000,4.3,100,55,23650,0.0237,15,0.0278,236.5,95
Calbayog City,City,Macatingog,0806003088,Rural,1750,16200,Middle,930,5.7,52,74,157.5,Mixed rural livelihood,High,24000,High,"Prioritize reliability, access, and shortage-resilience improvements","{""barangay_name"": ""PSA PSGC"", ""psgc_code"": ""PSA PSGC"", ""urban_rural"": ""PSA PSGC"", ""population_2024"": ""PSA 2024 POPCEN"", ""water_economics_fields"": ""Simulated for prototype only"", ""avg_household_size_2020_lgu"": ""PSA 2020 Census"", ""households_2024_estimated"": ""Derived estimate: 2024 barangay population / 2020 LGU average household size"", ""basic_domestic_demand"": ""Derived estimate using DPWH 55 L/person/day midpoint for Level II rural-water design"", ""nrw_design_assumption"": ""DPWH 15% NRW assumption for a new Level II system"", ""gross_production_requirement"": ""Derived estimate: net demand / (1 - 0.15)""}",https://psa.gov.ph/classification/psgc/barangays/0806003000,4.3,407,55,96250,0.0963,15,0.1132,236.5,385
Calbayog City,City,Mag-ubay,0806003089,Rural,1646,16400,Middle,960,5.9,59,85,148.1,"Fishing, farming, and microenterprise",Medium,22000,High,"Prioritize reliability, access, and shortage-resilience improvements","{""barangay_name"": ""PSA PSGC"", ""psgc_code"": ""PSA PSGC"", ""urban_rural"": ""PSA PSGC"", ""population_2024"": ""PSA 2024 POPCEN"", ""water_economics_fields"": ""Simulated for prototype only"", ""avg_household_size_2020_lgu"": ""PSA 2020 Census"", ""households_2024_estimated"": ""Derived estimate: 2024 barangay population / 2020 LGU average household size"", ""basic_domestic_demand"": ""Derived estimate using DPWH 55 L/person/day midpoint for Level II rural-water design"", ""nrw_design_assumption"": ""DPWH 15% NRW assumption for a new Level II system"", ""gross_production_requirement"": ""Derived estimate: net demand / (1 - 0.15)""}",https://psa.gov.ph/classification/psgc/barangays/0806003000,4.3,383,55,90530,0.0905,15,0.1065,236.5,362
Calbayog City,City,Manguino-o,0806003090,Rural,1278,16600,Middle,700,4.2,66,68,115.0,Agriculture and small-scale livelihood,Low,18000,High,"Prioritize reliability, access, and shortage-resilience improvements","{""barangay_name"": ""PSA PSGC"", ""psgc_code"": ""PSA PSGC"", ""urban_rural"": ""PSA PSGC"", ""population_2024"": ""PSA 2024 POPCEN"", ""water_economics_fields"": ""Simulated for prototype only"", ""avg_household_size_2020_lgu"": ""PSA 2020 Census"", ""households_2024_estimated"": ""Derived estimate: 2024 barangay population / 2020 LGU average household size"", ""basic_domestic_demand"": ""Derived estimate using DPWH 55 L/person/day midpoint for Level II rural-water design"", ""nrw_design_assumption"": ""DPWH 15% NRW assumption for a new Level II system"", ""gross_production_requirement"": ""Derived estimate: net demand / (1 - 0.15)""}",https://psa.gov.ph/classification/psgc/barangays/0806003000,4.3,297,55,70290,0.0703,15,0.0827,236.5,281
Calbayog City,City,Malaga,0806003091,Rural,1950,11500,Low Income,740,6.4,73,79,175.5,Fishing and agriculture,Medium,21000,High,Target affordability support and improve service reliability,"{""barangay_name"": ""PSA PSGC"", ""psgc_code"": ""PSA PSGC"", ""urban_rural"": ""PSA PSGC"", ""population_2024"": ""PSA 2024 POPCEN"", ""water_economics_fields"": ""Simulated for prototype only"", ""avg_household_size_2020_lgu"": ""PSA 2020 Census"", ""households_2024_estimated"": ""Derived estimate: 2024 barangay population / 2020 LGU average household size"", ""basic_domestic_demand"": ""Derived estimate using DPWH 55 L/person/day midpoint for Level II rural-water design"", ""nrw_design_assumption"": ""DPWH 15% NRW assumption for a new Level II system"", ""gross_production_requirement"": ""Derived estimate: net demand / (1 - 0.15)""}",https://psa.gov.ph/classification/psgc/barangays/0806003000,4.3,453,55,107250,0.1072,15,0.1262,236.5,429
Calbayog City,City,Malajog,0806003092,Urban,2097,17000,Middle,560,3.3,96,89,241.2,"Transport, retail, and services",Low,41000,Low,"Maintain service and monitor demand, affordability, and reliability","{""barangay_name"": ""PSA PSGC"", ""psgc_code"": ""PSA PSGC"", ""urban_rural"": ""PSA PSGC"", ""population_2024"": ""PSA 2024 POPCEN"", ""water_economics_fields"": ""Simulated for prototype only"", ""avg_household_size_2020_lgu"": ""PSA 2020 Census"", ""households_2024_estimated"": ""Derived estimate: 2024 barangay population / 2020 LGU average household size"", ""basic_domestic_demand"": ""Derived estimate using DPWH 55 L/person/day midpoint for Level II rural-water design"", ""nrw_design_assumption"": ""DPWH 15% NRW assumption for a new Level II system"", ""gross_production_requirement"": ""Derived estimate: net demand / (1 - 0.15)""}",https://psa.gov.ph/classification/psgc/barangays/0806003000,4.3,488,55,115335,0.1153,15,0.1357,236.5,493
Calbayog City,City,Malayog,0806003093,Rural,1470,11900,Low Income,810,6.8,59,73,132.3,Mixed rural livelihood,High,16000,High,Target affordability support and improve service reliability,"{""barangay_name"": ""PSA PSGC"", ""psgc_code"": ""PSA PSGC"", ""urban_rural"": ""PSA PSGC"", ""population_2024"": ""PSA 2024 POPCEN"", ""water_economics_fields"": ""Simulated for prototype only"", ""avg_household_size_2020_lgu"": ""PSA 2020 Census"", ""households_2024_estimated"": ""Derived estimate: 2024 barangay population / 2020 LGU average household size"", ""basic_domestic_demand"": ""Derived estimate using DPWH 55 L/person/day midpoint for Level II rural-water design"", ""nrw_design_assumption"": ""DPWH 15% NRW assumption for a new Level II system"", ""gross_production_requirement"": ""Derived estimate: net demand / (1 - 0.15)""}",https://psa.gov.ph/classification/psgc/barangays/0806003000,4.3,342,55,80850,0.0809,15,0.0951,236.5,323
Calbayog City,City,Malopalo,0806003094,Rural,1283,12100,Lower-Middle,850,7.0,66,84,115.5,"Fishing, farming, and microenterprise",High,14000,High,Target affordability support and improve service reliability,"{""barangay_name"": ""PSA PSGC"", ""psgc_code"": ""PSA PSGC"", ""urban_rural"": ""PSA PSGC"", ""population_2024"": ""PSA 2024 POPCEN"", ""water_economics_fields"": ""Simulated for prototype only"", ""avg_household_size_2020_lgu"": ""PSA 2020 Census"", ""households_2024_estimated"": ""Derived estimate: 2024 barangay population / 2020 LGU average household size"", ""basic_domestic_demand"": ""Derived estimate using DPWH 55 L/person/day midpoint for Level II rural-water design"", ""nrw_design_assumption"": ""DPWH 15% NRW assumption for a new Level II system"", ""gross_production_requirement"": ""Derived estimate: net demand / (1 - 0.15)""}",https://psa.gov.ph/classification/psgc/barangays/0806003000,4.3,298,55,70565,0.0706,15,0.083,236.5,282
Calbayog City,City,Marcatubig,0806003095,Rural,976,12200,Lower-Middle,880,7.2,73,67,87.8,Agriculture and small-scale livelihood,High,11000,High,Target affordability support and improve service reliability,"{""barangay_name"": ""PSA PSGC"", ""psgc_code"": ""PSA PSGC"", ""urban_rural"": ""PSA PSGC"", ""population_2024"": ""PSA 2024 POPCEN"", ""water_economics_fields"": ""Simulated for prototype only"", ""avg_household_size_2020_lgu"": ""PSA 2020 Census"", ""households_2024_estimated"": ""Derived estimate: 2024 barangay population / 2020 LGU average household size"", ""basic_domestic_demand"": ""Derived estimate using DPWH 55 L/person/day midpoint for Level II rural-water design"", ""nrw_design_assumption"": ""DPWH 15% NRW assumption for a new Level II system"", ""gross_production_requirement"": ""Derived estimate: net demand / (1 - 0.15)""}",https://psa.gov.ph/classification/psgc/barangays/0806003000,4.3,227,55,53680,0.0537,15,0.0632,236.5,215
Calbayog City,City,Mancol,0806003096,Rural,288,12400,Lower-Middle,920,7.4,52,78,25.9,Fishing and agriculture,High,3000,High,Target affordability support and improve service reliability,"{""barangay_name"": ""PSA PSGC"", ""psgc_code"": ""PSA PSGC"", ""urban_rural"": ""PSA PSGC"", ""population_2024"": ""PSA 2024 POPCEN"", ""water_economics_fields"": ""Simulated for prototype only"", ""avg_household_size_2020_lgu"": ""PSA 2020 Census"", ""households_2024_estimated"": ""Derived estimate: 2024 barangay population / 2020 LGU average household size"", ""basic_domestic_demand"": ""Derived estimate using DPWH 55 L/person/day midpoint for Level II rural-water design"", ""nrw_design_assumption"": ""DPWH 15% NRW assumption for a new Level II system"", ""gross_production_requirement"": ""Derived estimate: net demand / (1 - 0.15)""}",https://psa.gov.ph/classification/psgc/barangays/0806003000,4.3,67,55,15840,0.0158,15,0.0186,236.5,63
Calbayog City,City,Mantaong,0806003097,Rural,345,12600,Lower-Middle,960,7.6,59,61,31.1,Agriculture and local services,High,4000,High,Target affordability support and improve service reliability,"{""barangay_name"": ""PSA PSGC"", ""psgc_code"": ""PSA PSGC"", ""urban_rural"": ""PSA PSGC"", ""population_2024"": ""PSA 2024 POPCEN"", ""water_economics_fields"": ""Simulated for prototype only"", ""avg_household_size_2020_lgu"": ""PSA 2020 Census"", ""households_2024_estimated"": ""Derived estimate: 2024 barangay population / 2020 LGU average household size"", ""basic_domestic_demand"": ""Derived estimate using DPWH 55 L/person/day midpoint for Level II rural-water design"", ""nrw_design_assumption"": ""DPWH 15% NRW assumption for a new Level II system"", ""gross_production_requirement"": ""Derived estimate: net demand / (1 - 0.15)""}",https://psa.gov.ph/classification/psgc/barangays/0806003000,4.3,80,55,18975,0.019,15,0.0223,236.5,76
Calbayog City,City,Matobato,0806003098,Urban,4101,18100,Middle,550,3.0,93,87,471.6,Mixed urban livelihood,Low,83000,Low,"Maintain service and monitor demand, affordability, and reliability","{""barangay_name"": ""PSA PSGC"", ""psgc_code"": ""PSA PSGC"", ""urban_rural"": ""PSA PSGC"", ""population_2024"": ""PSA 2024 POPCEN"", ""water_economics_fields"": ""Simulated for prototype only"", ""avg_household_size_2020_lgu"": ""PSA 2020 Census"", ""households_2024_estimated"": ""Derived estimate: 2024 barangay population / 2020 LGU average household size"", ""basic_domestic_demand"": ""Derived estimate using DPWH 55 L/person/day midpoint for Level II rural-water design"", ""nrw_design_assumption"": ""DPWH 15% NRW assumption for a new Level II system"", ""gross_production_requirement"": ""Derived estimate: net demand / (1 - 0.15)""}",https://psa.gov.ph/classification/psgc/barangays/0806003000,4.3,954,55,225555,0.2256,15,0.2654,236.5,965
Calbayog City,City,Mawacat,0806003099,Rural,1152,12900,Lower-Middle,730,5.7,73,83,103.7,"Fishing, farming, and microenterprise",Medium,13000,Medium,Monitor demand and strengthen reliability where cost-effective,"{""barangay_name"": ""PSA PSGC"", ""psgc_code"": ""PSA PSGC"", ""urban_rural"": ""PSA PSGC"", ""population_2024"": ""PSA 2024 POPCEN"", ""water_economics_fields"": ""Simulated for prototype only"", ""avg_household_size_2020_lgu"": ""PSA 2020 Census"", ""households_2024_estimated"": ""Derived estimate: 2024 barangay population / 2020 LGU average household size"", ""basic_domestic_demand"": ""Derived estimate using DPWH 55 L/person/day midpoint for Level II rural-water design"", ""nrw_design_assumption"": ""DPWH 15% NRW assumption for a new Level II system"", ""gross_production_requirement"": ""Derived estimate: net demand / (1 - 0.15)""}",https://psa.gov.ph/classification/psgc/barangays/0806003000,4.3,268,55,63360,0.0634,15,0.0745,236.5,253
Calbayog City,City,Maybog,0806003101,Rural,335,13300,Lower-Middle,810,6.1,59,77,30.1,Fishing and agriculture,High,4000,High,Target affordability support and improve service reliability,"{""barangay_name"": ""PSA PSGC"", ""psgc_code"": ""PSA PSGC"", ""urban_rural"": ""PSA PSGC"", ""population_2024"": ""PSA 2024 POPCEN"", ""water_economics_fields"": ""Simulated for prototype only"", ""avg_household_size_2020_lgu"": ""PSA 2020 Census"", ""households_2024_estimated"": ""Derived estimate: 2024 barangay population / 2020 LGU average household size"", ""basic_domestic_demand"": ""Derived estimate using DPWH 55 L/person/day midpoint for Level II rural-water design"", ""nrw_design_assumption"": ""DPWH 15% NRW assumption for a new Level II system"", ""gross_production_requirement"": ""Derived estimate: net demand / (1 - 0.15)""}",https://psa.gov.ph/classification/psgc/barangays/0806003000,4.3,78,55,18425,0.0184,15,0.0217,236.5,74
Calbayog City,City,Maysalong,0806003102,Rural,221,13400,Lower-Middle,840,6.3,66,60,19.9,Agriculture and local services,High,3000,High,Target affordability support and improve service reliability,"{""barangay_name"": ""PSA PSGC"", ""psgc_code"": ""PSA PSGC"", ""urban_rural"": ""PSA PSGC"", ""population_2024"": ""PSA 2024 POPCEN"", ""water_economics_fields"": ""Simulated for prototype only"", ""avg_household_size_2020_lgu"": ""PSA 2020 Census"", ""households_2024_estimated"": ""Derived estimate: 2024 barangay population / 2020 LGU average household size"", ""basic_domestic_demand"": ""Derived estimate using DPWH 55 L/person/day midpoint for Level II rural-water design"", ""nrw_design_assumption"": ""DPWH 15% NRW assumption for a new Level II system"", ""gross_production_requirement"": ""Derived estimate: net demand / (1 - 0.15)""}",https://psa.gov.ph/classification/psgc/barangays/0806003000,4.3,51,55,12155,0.0122,15,0.0143,236.5,49
Calbayog City,City,Migara,0806003103,Rural,1276,13600,Lower-Middle,880,6.5,73,71,114.8,Mixed rural livelihood,Medium,15000,High,Target affordability support and improve service reliability,"{""barangay_name"": ""PSA PSGC"", ""psgc_code"": ""PSA PSGC"", ""urban_rural"": ""PSA PSGC"", ""population_2024"": ""PSA 2024 POPCEN"", ""water_economics_fields"": ""Simulated for prototype only"", ""avg_household_size_2020_lgu"": ""PSA 2020 Census"", ""households_2024_estimated"": ""Derived estimate: 2024 barangay population / 2020 LGU average household size"", ""basic_domestic_demand"": ""Derived estimate using DPWH 55 L/person/day midpoint for Level II rural-water design"", ""nrw_design_assumption"": ""DPWH 15% NRW assumption for a new Level II system"", ""gross_production_requirement"": ""Derived estimate: net demand / (1 - 0.15)""}",https://psa.gov.ph/classification/psgc/barangays/0806003000,4.3,297,55,70180,0.0702,15,0.0826,236.5,280
Calbayog City,City,Nabang,0806003105,Rural,621,14000,Lower-Middle,960,6.9,59,65,55.9,Agriculture and small-scale livelihood,High,8000,High,Target affordability support and improve service reliability,"{""barangay_name"": ""PSA PSGC"", ""psgc_code"": ""PSA PSGC"", ""urban_rural"": ""PSA PSGC"", ""population_2024"": ""PSA 2024 POPCEN"", ""water_economics_fields"": ""Simulated for prototype only"", ""avg_household_size_2020_lgu"": ""PSA 2020 Census"", ""households_2024_estimated"": ""Derived estimate: 2024 barangay population / 2020 LGU average household size"", ""basic_domestic_demand"": ""Derived estimate using DPWH 55 L/person/day midpoint for Level II rural-water design"", ""nrw_design_assumption"": ""DPWH 15% NRW assumption for a new Level II system"", ""gross_production_requirement"": ""Derived estimate: net demand / (1 - 0.15)""}",https://psa.gov.ph/classification/psgc/barangays/0806003000,4.3,144,55,34155,0.0342,15,0.0402,236.5,136
Calbayog City,City,Naga,0806003106,Rural,987,14100,Lower-Middle,690,4.9,66,76,88.8,Fishing and agriculture,Low,12000,High,"Prioritize reliability, access, and shortage-resilience improvements","{""barangay_name"": ""PSA PSGC"", ""psgc_code"": ""PSA PSGC"", ""urban_rural"": ""PSA PSGC"", ""population_2024"": ""PSA 2024 POPCEN"", ""water_economics_fields"": ""Simulated for prototype only"", ""avg_household_size_2020_lgu"": ""PSA 2020 Census"", ""households_2024_estimated"": ""Derived estimate: 2024 barangay population / 2020 LGU average household size"", ""basic_domestic_demand"": ""Derived estimate using DPWH 55 L/person/day midpoint for Level II rural-water design"", ""nrw_design_assumption"": ""DPWH 15% NRW assumption for a new Level II system"", ""gross_production_requirement"": ""Derived estimate: net demand / (1 - 0.15)""}",https://psa.gov.ph/classification/psgc/barangays/0806003000,4.3,230,55,54285,0.0543,15,0.0639,236.5,217
Calbayog City,City,Nag-uma,0806003107,Rural,70,14300,Lower-Middle,730,5.1,73,59,6.3,Agriculture and local services,Medium,1000,High,"Prioritize reliability, access, and shortage-resilience improvements","{""barangay_name"": ""PSA PSGC"", ""psgc_code"": ""PSA PSGC"", ""urban_rural"": ""PSA PSGC"", ""population_2024"": ""PSA 2024 POPCEN"", ""water_economics_fields"": ""Simulated for prototype only"", ""avg_household_size_2020_lgu"": ""PSA 2020 Census"", ""households_2024_estimated"": ""Derived estimate: 2024 barangay population / 2020 LGU average household size"", ""basic_domestic_demand"": ""Derived estimate using DPWH 55 L/person/day midpoint for Level II rural-water design"", ""nrw_design_assumption"": ""DPWH 15% NRW assumption for a new Level II system"", ""gross_production_requirement"": ""Derived estimate: net demand / (1 - 0.15)""}",https://psa.gov.ph/classification/psgc/barangays/0806003000,4.3,16,55,3850,0.0039,15,0.0045,236.5,15
Calbayog City,City,Navarro,0806003109,Rural,645,14700,Lower-Middle,800,5.4,59,81,58.0,"Fishing, farming, and microenterprise",Medium,8000,High,"Prioritize reliability, access, and shortage-resilience improvements","{""barangay_name"": ""PSA PSGC"", ""psgc_code"": ""PSA PSGC"", ""urban_rural"": ""PSA PSGC"", ""population_2024"": ""PSA 2024 POPCEN"", ""water_economics_fields"": ""Simulated for prototype only"", ""avg_household_size_2020_lgu"": ""PSA 2020 Census"", ""households_2024_estimated"": ""Derived estimate: 2024 barangay population / 2020 LGU average household size"", ""basic_domestic_demand"": ""Derived estimate using DPWH 55 L/person/day midpoint for Level II rural-water design"", ""nrw_design_assumption"": ""DPWH 15% NRW assumption for a new Level II system"", ""gross_production_requirement"": ""Derived estimate: net demand / (1 - 0.15)""}",https://psa.gov.ph/classification/psgc/barangays/0806003000,4.3,150,55,35475,0.0355,15,0.0417,236.5,142
Calbayog City,City,Nijaga,0806003110,Rural,3275,14800,Lower-Middle,840,5.7,66,64,294.8,Agriculture and small-scale livelihood,High,42000,High,"Prioritize reliability, access, and shortage-resilience improvements","{""barangay_name"": ""PSA PSGC"", ""psgc_code"": ""PSA PSGC"", ""urban_rural"": ""PSA PSGC"", ""population_2024"": ""PSA 2024 POPCEN"", ""water_economics_fields"": ""Simulated for prototype only"", ""avg_household_size_2020_lgu"": ""PSA 2020 Census"", ""households_2024_estimated"": ""Derived estimate: 2024 barangay population / 2020 LGU average household size"", ""basic_domestic_demand"": ""Derived estimate using DPWH 55 L/person/day midpoint for Level II rural-water design"", ""nrw_design_assumption"": ""DPWH 15% NRW assumption for a new Level II system"", ""gross_production_requirement"": ""Derived estimate: net demand / (1 - 0.15)""}",https://psa.gov.ph/classification/psgc/barangays/0806003000,4.3,762,55,180125,0.1801,15,0.2119,236.5,720
Calbayog City,City,Oboob,0806003111,Rural,496,15000,Lower-Middle,880,5.9,73,75,44.6,Fishing and agriculture,Medium,6000,Medium,Monitor demand and strengthen reliability where cost-effective,"{""barangay_name"": ""PSA PSGC"", ""psgc_code"": ""PSA PSGC"", ""urban_rural"": ""PSA PSGC"", ""population_2024"": ""PSA 2024 POPCEN"", ""water_economics_fields"": ""Simulated for prototype only"", ""avg_household_size_2020_lgu"": ""PSA 2020 Census"", ""households_2024_estimated"": ""Derived estimate: 2024 barangay population / 2020 LGU average household size"", ""basic_domestic_demand"": ""Derived estimate using DPWH 55 L/person/day midpoint for Level II rural-water design"", ""nrw_design_assumption"": ""DPWH 15% NRW assumption for a new Level II system"", ""gross_production_requirement"": ""Derived estimate: net demand / (1 - 0.15)""}",https://psa.gov.ph/classification/psgc/barangays/0806003000,4.3,115,55,27280,0.0273,15,0.0321,236.5,109
Calbayog City,City,Obrero,0806003112,Urban,4215,20500,Upper-Middle,580,2.8,86,88,484.7,"Transport, retail, and services",Low,93000,Low,"Maintain service and monitor demand, affordability, and reliability","{""barangay_name"": ""PSA PSGC"", ""psgc_code"": ""PSA PSGC"", ""urban_rural"": ""PSA PSGC"", ""population_2024"": ""PSA 2024 POPCEN"", ""water_economics_fields"": ""Simulated for prototype only"", ""avg_household_size_2020_lgu"": ""PSA 2020 Census"", ""households_2024_estimated"": ""Derived estimate: 2024 barangay population / 2020 LGU average household size"", ""basic_domestic_demand"": ""Derived estimate using DPWH 55 L/person/day midpoint for Level II rural-water design"", ""nrw_design_assumption"": ""DPWH 15% NRW assumption for a new Level II system"", ""gross_production_requirement"": ""Derived estimate: net demand / (1 - 0.15)""}",https://psa.gov.ph/classification/psgc/barangays/0806003000,4.3,980,55,231825,0.2318,15,0.2727,236.5,992
Calbayog City,City,Olera,0806003113,Rural,173,15300,Lower-Middle,950,6.2,59,69,15.6,Mixed rural livelihood,High,2000,High,Target affordability support and improve service reliability,"{""barangay_name"": ""PSA PSGC"", ""psgc_code"": ""PSA PSGC"", ""urban_rural"": ""PSA PSGC"", ""population_2024"": ""PSA 2024 POPCEN"", ""water_economics_fields"": ""Simulated for prototype only"", ""avg_household_size_2020_lgu"": ""PSA 2020 Census"", ""households_2024_estimated"": ""Derived estimate: 2024 barangay population / 2020 LGU average household size"", ""basic_domestic_demand"": ""Derived estimate using DPWH 55 L/person/day midpoint for Level II rural-water design"", ""nrw_design_assumption"": ""DPWH 15% NRW assumption for a new Level II system"", ""gross_production_requirement"": ""Derived estimate: net demand / (1 - 0.15)""}",https://psa.gov.ph/classification/psgc/barangays/0806003000,4.3,40,55,9515,0.0095,15,0.0112,236.5,38
Calbayog City,City,Oquendo,0806003114,Rural,2294,15500,Middle,690,4.5,66,80,206.5,"Fishing, farming, and microenterprise",Low,30000,High,"Prioritize reliability, access, and shortage-resilience improvements","{""barangay_name"": ""PSA PSGC"", ""psgc_code"": ""PSA PSGC"", ""urban_rural"": ""PSA PSGC"", ""population_2024"": ""PSA 2024 POPCEN"", ""water_economics_fields"": ""Simulated for prototype only"", ""avg_household_size_2020_lgu"": ""PSA 2020 Census"", ""households_2024_estimated"": ""Derived estimate: 2024 barangay population / 2020 LGU average household size"", ""basic_domestic_demand"": ""Derived estimate using DPWH 55 L/person/day midpoint for Level II rural-water design"", ""nrw_design_assumption"": ""DPWH 15% NRW assumption for a new Level II system"", ""gross_production_requirement"": ""Derived estimate: net demand / (1 - 0.15)""}",https://psa.gov.ph/classification/psgc/barangays/0806003000,4.3,533,55,126170,0.1262,15,0.1484,236.5,504
Calbayog City,City,Osmeña,0806003115,Rural,363,15700,Middle,720,4.6,73,63,32.7,Agriculture and small-scale livelihood,Medium,5000,High,"Prioritize reliability, access, and shortage-resilience improvements","{""barangay_name"": ""PSA PSGC"", ""psgc_code"": ""PSA PSGC"", ""urban_rural"": ""PSA PSGC"", ""population_2024"": ""PSA 2024 POPCEN"", ""water_economics_fields"": ""Simulated for prototype only"", ""avg_household_size_2020_lgu"": ""PSA 2020 Census"", ""households_2024_estimated"": ""Derived estimate: 2024 barangay population / 2020 LGU average household size"", ""basic_domestic_demand"": ""Derived estimate using DPWH 55 L/person/day midpoint for Level II rural-water design"", ""nrw_design_assumption"": ""DPWH 15% NRW assumption for a new Level II system"", ""gross_production_requirement"": ""Derived estimate: net demand / (1 - 0.15)""}",https://psa.gov.ph/classification/psgc/barangays/0806003000,4.3,84,55,19965,0.02,15,0.0235,236.5,80
Calbayog City,City,Palanas,0806003116,Rural,512,15900,Middle,760,4.8,52,74,46.1,Fishing and agriculture,Medium,7000,High,"Prioritize reliability, access, and shortage-resilience improvements","{""barangay_name"": ""PSA PSGC"", ""psgc_code"": ""PSA PSGC"", ""urban_rural"": ""PSA PSGC"", ""population_2024"": ""PSA 2024 POPCEN"", ""water_economics_fields"": ""Simulated for prototype only"", ""avg_household_size_2020_lgu"": ""PSA 2020 Census"", ""households_2024_estimated"": ""Derived estimate: 2024 barangay population / 2020 LGU average household size"", ""basic_domestic_demand"": ""Derived estimate using DPWH 55 L/person/day midpoint for Level II rural-water design"", ""nrw_design_assumption"": ""DPWH 15% NRW assumption for a new Level II system"", ""gross_production_requirement"": ""Derived estimate: net demand / (1 - 0.15)""}",https://psa.gov.ph/classification/psgc/barangays/0806003000,4.3,119,55,28160,0.0282,15,0.0331,236.5,113
Calbayog City,City,Palanogan,0806003117,Rural,596,16000,Middle,800,5.0,59,85,53.6,Agriculture and local services,Medium,8000,High,"Prioritize reliability, access, and shortage-resilience improvements","{""barangay_name"": ""PSA PSGC"", ""psgc_code"": ""PSA PSGC"", ""urban_rural"": ""PSA PSGC"", ""population_2024"": ""PSA 2024 POPCEN"", ""water_economics_fields"": ""Simulated for prototype only"", ""avg_household_size_2020_lgu"": ""PSA 2020 Census"", ""households_2024_estimated"": ""Derived estimate: 2024 barangay population / 2020 LGU average household size"", ""basic_domestic_demand"": ""Derived estimate using DPWH 55 L/person/day midpoint for Level II rural-water design"", ""nrw_design_assumption"": ""DPWH 15% NRW assumption for a new Level II system"", ""gross_production_requirement"": ""Derived estimate: net demand / (1 - 0.15)""}",https://psa.gov.ph/classification/psgc/barangays/0806003000,4.3,139,55,32780,0.0328,15,0.0386,236.5,131
Calbayog City,City,Panlayahan,0806003118,Rural,713,16200,Middle,840,5.2,66,68,64.2,Mixed rural livelihood,Medium,10000,High,"Prioritize reliability, access, and shortage-resilience improvements","{""barangay_name"": ""PSA PSGC"", ""psgc_code"": ""PSA PSGC"", ""urban_rural"": ""PSA PSGC"", ""population_2024"": ""PSA 2024 POPCEN"", ""water_economics_fields"": ""Simulated for prototype only"", ""avg_household_size_2020_lgu"": ""PSA 2020 Census"", ""households_2024_estimated"": ""Derived estimate: 2024 barangay population / 2020 LGU average household size"", ""basic_domestic_demand"": ""Derived estimate using DPWH 55 L/person/day midpoint for Level II rural-water design"", ""nrw_design_assumption"": ""DPWH 15% NRW assumption for a new Level II system"", ""gross_production_requirement"": ""Derived estimate: net demand / (1 - 0.15)""}",https://psa.gov.ph/classification/psgc/barangays/0806003000,4.3,166,55,39215,0.0392,15,0.0461,236.5,157
Calbayog City,City,Panonongon,0806003119,Rural,208,16400,Middle,870,5.3,73,79,18.7,"Fishing, farming, and microenterprise",Low,3000,Low,"Maintain service and monitor demand, affordability, and reliability","{""barangay_name"": ""PSA PSGC"", ""psgc_code"": ""PSA PSGC"", ""urban_rural"": ""PSA PSGC"", ""population_2024"": ""PSA 2024 POPCEN"", ""water_economics_fields"": ""Simulated for prototype only"", ""avg_household_size_2020_lgu"": ""PSA 2020 Census"", ""households_2024_estimated"": ""Derived estimate: 2024 barangay population / 2020 LGU average household size"", ""basic_domestic_demand"": ""Derived estimate using DPWH 55 L/person/day midpoint for Level II rural-water design"", ""nrw_design_assumption"": ""DPWH 15% NRW assumption for a new Level II system"", ""gross_production_requirement"": ""Derived estimate: net demand / (1 - 0.15)""}",https://psa.gov.ph/classification/psgc/barangays/0806003000,4.3,48,55,11440,0.0114,15,0.0135,236.5,46
Calbayog City,City,Panoypoy,0806003120,Rural,592,16600,Middle,910,5.5,52,62,53.3,Agriculture and small-scale livelihood,High,8000,High,Target affordability support and improve service reliability,"{""barangay_name"": ""PSA PSGC"", ""psgc_code"": ""PSA PSGC"", ""urban_rural"": ""PSA PSGC"", ""population_2024"": ""PSA 2024 POPCEN"", ""water_economics_fields"": ""Simulated for prototype only"", ""avg_household_size_2020_lgu"": ""PSA 2020 Census"", ""households_2024_estimated"": ""Derived estimate: 2024 barangay population / 2020 LGU average household size"", ""basic_domestic_demand"": ""Derived estimate using DPWH 55 L/person/day midpoint for Level II rural-water design"", ""nrw_design_assumption"": ""DPWH 15% NRW assumption for a new Level II system"", ""gross_production_requirement"": ""Derived estimate: net demand / (1 - 0.15)""}",https://psa.gov.ph/classification/psgc/barangays/0806003000,4.3,138,55,32560,0.0326,15,0.0383,236.5,130
Calbayog City,City,Patong,0806003121,Rural,646,11500,Low Income,950,8.3,59,73,58.1,Fishing and agriculture,High,7000,High,Target affordability support and improve service reliability,"{""barangay_name"": ""PSA PSGC"", ""psgc_code"": ""PSA PSGC"", ""urban_rural"": ""PSA PSGC"", ""population_2024"": ""PSA 2024 POPCEN"", ""water_economics_fields"": ""Simulated for prototype only"", ""avg_household_size_2020_lgu"": ""PSA 2020 Census"", ""households_2024_estimated"": ""Derived estimate: 2024 barangay population / 2020 LGU average household size"", ""basic_domestic_demand"": ""Derived estimate using DPWH 55 L/person/day midpoint for Level II rural-water design"", ""nrw_design_assumption"": ""DPWH 15% NRW assumption for a new Level II system"", ""gross_production_requirement"": ""Derived estimate: net demand / (1 - 0.15)""}",https://psa.gov.ph/classification/psgc/barangays/0806003000,4.3,150,55,35530,0.0355,15,0.0418,236.5,142
Calbayog City,City,Peña,0806003122,Rural,2668,11700,Low Income,680,5.8,66,84,240.1,Agriculture and local services,Medium,29000,High,"Prioritize reliability, access, and shortage-resilience improvements","{""barangay_name"": ""PSA PSGC"", ""psgc_code"": ""PSA PSGC"", ""urban_rural"": ""PSA PSGC"", ""population_2024"": ""PSA 2024 POPCEN"", ""water_economics_fields"": ""Simulated for prototype only"", ""avg_household_size_2020_lgu"": ""PSA 2020 Census"", ""households_2024_estimated"": ""Derived estimate: 2024 barangay population / 2020 LGU average household size"", ""basic_domestic_demand"": ""Derived estimate using DPWH 55 L/person/day midpoint for Level II rural-water design"", ""nrw_design_assumption"": ""DPWH 15% NRW assumption for a new Level II system"", ""gross_production_requirement"": ""Derived estimate: net demand / (1 - 0.15)""}",https://psa.gov.ph/classification/psgc/barangays/0806003000,4.3,620,55,146740,0.1467,15,0.1726,236.5,586
Calbayog City,City,Pilar,0806003123,Rural,2040,11900,Low Income,720,6.1,73,67,183.6,Mixed rural livelihood,Medium,22000,High,Target affordability support and improve service reliability,"{""barangay_name"": ""PSA PSGC"", ""psgc_code"": ""PSA PSGC"", ""urban_rural"": ""PSA PSGC"", ""population_2024"": ""PSA 2024 POPCEN"", ""water_economics_fields"": ""Simulated for prototype only"", ""avg_household_size_2020_lgu"": ""PSA 2020 Census"", ""households_2024_estimated"": ""Derived estimate: 2024 barangay population / 2020 LGU average household size"", ""basic_domestic_demand"": ""Derived estimate using DPWH 55 L/person/day midpoint for Level II rural-water design"", ""nrw_design_assumption"": ""DPWH 15% NRW assumption for a new Level II system"", ""gross_production_requirement"": ""Derived estimate: net demand / (1 - 0.15)""}",https://psa.gov.ph/classification/psgc/barangays/0806003000,4.3,474,55,112200,0.1122,15,0.132,236.5,448
Calbayog City,City,Pinamorotan,0806003124,Rural,351,12100,Lower-Middle,760,6.3,52,78,31.6,"Fishing, farming, and microenterprise",High,4000,High,Target affordability support and improve service reliability,"{""barangay_name"": ""PSA PSGC"", ""psgc_code"": ""PSA PSGC"", ""urban_rural"": ""PSA PSGC"", ""population_2024"": ""PSA 2024 POPCEN"", ""water_economics_fields"": ""Simulated for prototype only"", ""avg_household_size_2020_lgu"": ""PSA 2020 Census"", ""households_2024_estimated"": ""Derived estimate: 2024 barangay population / 2020 LGU average household size"", ""basic_domestic_demand"": ""Derived estimate using DPWH 55 L/person/day midpoint for Level II rural-water design"", ""nrw_design_assumption"": ""DPWH 15% NRW assumption for a new Level II system"", ""gross_production_requirement"": ""Derived estimate: net demand / (1 - 0.15)""}",https://psa.gov.ph/classification/psgc/barangays/0806003000,4.3,82,55,19305,0.0193,15,0.0227,236.5,77
Calbayog City,City,Quezon,0806003126,Rural,257,12400,Lower-Middle,830,6.7,66,72,23.1,Fishing and agriculture,High,3000,High,Target affordability support and improve service reliability,"{""barangay_name"": ""PSA PSGC"", ""psgc_code"": ""PSA PSGC"", ""urban_rural"": ""PSA PSGC"", ""population_2024"": ""PSA 2024 POPCEN"", ""water_economics_fields"": ""Simulated for prototype only"", ""avg_household_size_2020_lgu"": ""PSA 2020 Census"", ""households_2024_estimated"": ""Derived estimate: 2024 barangay population / 2020 LGU average household size"", ""basic_domestic_demand"": ""Derived estimate using DPWH 55 L/person/day midpoint for Level II rural-water design"", ""nrw_design_assumption"": ""DPWH 15% NRW assumption for a new Level II system"", ""gross_production_requirement"": ""Derived estimate: net demand / (1 - 0.15)""}",https://psa.gov.ph/classification/psgc/barangays/0806003000,4.3,60,55,14135,0.0141,15,0.0166,236.5,56
Calbayog City,City,Rawis,0806003127,Urban,5015,17900,Middle,660,3.7,86,83,576.7,"Transport, retail, and services",Low,100000,Low,"Maintain service and monitor demand, affordability, and reliability","{""barangay_name"": ""PSA PSGC"", ""psgc_code"": ""PSA PSGC"", ""urban_rural"": ""PSA PSGC"", ""population_2024"": ""PSA 2024 POPCEN"", ""water_economics_fields"": ""Simulated for prototype only"", ""avg_household_size_2020_lgu"": ""PSA 2020 Census"", ""households_2024_estimated"": ""Derived estimate: 2024 barangay population / 2020 LGU average household size"", ""basic_domestic_demand"": ""Derived estimate using DPWH 55 L/person/day midpoint for Level II rural-water design"", ""nrw_design_assumption"": ""DPWH 15% NRW assumption for a new Level II system"", ""gross_production_requirement"": ""Derived estimate: net demand / (1 - 0.15)""}",https://psa.gov.ph/classification/psgc/barangays/0806003000,4.3,1166,55,275825,0.2758,15,0.3245,236.5,1180
Calbayog City,City,Rizal I,0806003128,Rural,1920,12700,Lower-Middle,910,7.2,52,66,172.8,Mixed rural livelihood,High,22000,High,Target affordability support and improve service reliability,"{""barangay_name"": ""PSA PSGC"", ""psgc_code"": ""PSA PSGC"", ""urban_rural"": ""PSA PSGC"", ""population_2024"": ""PSA 2024 POPCEN"", ""water_economics_fields"": ""Simulated for prototype only"", ""avg_household_size_2020_lgu"": ""PSA 2020 Census"", ""households_2024_estimated"": ""Derived estimate: 2024 barangay population / 2020 LGU average household size"", ""basic_domestic_demand"": ""Derived estimate using DPWH 55 L/person/day midpoint for Level II rural-water design"", ""nrw_design_assumption"": ""DPWH 15% NRW assumption for a new Level II system"", ""gross_production_requirement"": ""Derived estimate: net demand / (1 - 0.15)""}",https://psa.gov.ph/classification/psgc/barangays/0806003000,4.3,447,55,105600,0.1056,15,0.1242,236.5,422
Calbayog City,City,Rizal II,0806003129,Rural,605,12900,Lower-Middle,940,7.3,59,77,54.5,"Fishing, farming, and microenterprise",High,7000,High,Target affordability support and improve service reliability,"{""barangay_name"": ""PSA PSGC"", ""psgc_code"": ""PSA PSGC"", ""urban_rural"": ""PSA PSGC"", ""population_2024"": ""PSA 2024 POPCEN"", ""water_economics_fields"": ""Simulated for prototype only"", ""avg_household_size_2020_lgu"": ""PSA 2020 Census"", ""households_2024_estimated"": ""Derived estimate: 2024 barangay population / 2020 LGU average household size"", ""basic_domestic_demand"": ""Derived estimate using DPWH 55 L/person/day midpoint for Level II rural-water design"", ""nrw_design_assumption"": ""DPWH 15% NRW assumption for a new Level II system"", ""gross_production_requirement"": ""Derived estimate: net demand / (1 - 0.15)""}",https://psa.gov.ph/classification/psgc/barangays/0806003000,4.3,141,55,33275,0.0333,15,0.0391,236.5,133
Calbayog City,City,Roxas I,0806003130,Rural,255,13100,Lower-Middle,680,5.2,66,60,22.9,Agriculture and small-scale livelihood,Medium,3000,High,"Prioritize reliability, access, and shortage-resilience improvements","{""barangay_name"": ""PSA PSGC"", ""psgc_code"": ""PSA PSGC"", ""urban_rural"": ""PSA PSGC"", ""population_2024"": ""PSA 2024 POPCEN"", ""water_economics_fields"": ""Simulated for prototype only"", ""avg_household_size_2020_lgu"": ""PSA 2020 Census"", ""households_2024_estimated"": ""Derived estimate: 2024 barangay population / 2020 LGU average household size"", ""basic_domestic_demand"": ""Derived estimate using DPWH 55 L/person/day midpoint for Level II rural-water design"", ""nrw_design_assumption"": ""DPWH 15% NRW assumption for a new Level II system"", ""gross_production_requirement"": ""Derived estimate: net demand / (1 - 0.15)""}",https://psa.gov.ph/classification/psgc/barangays/0806003000,4.3,59,55,14025,0.014,15,0.0165,236.5,56
Calbayog City,City,Roxas II,0806003131,Rural,882,13300,Lower-Middle,720,5.4,73,71,79.4,Fishing and agriculture,Medium,10000,Medium,Monitor demand and strengthen reliability where cost-effective,"{""barangay_name"": ""PSA PSGC"", ""psgc_code"": ""PSA PSGC"", ""urban_rural"": ""PSA PSGC"", ""population_2024"": ""PSA 2024 POPCEN"", ""water_economics_fields"": ""Simulated for prototype only"", ""avg_household_size_2020_lgu"": ""PSA 2020 Census"", ""households_2024_estimated"": ""Derived estimate: 2024 barangay population / 2020 LGU average household size"", ""basic_domestic_demand"": ""Derived estimate using DPWH 55 L/person/day midpoint for Level II rural-water design"", ""nrw_design_assumption"": ""DPWH 15% NRW assumption for a new Level II system"", ""gross_production_requirement"": ""Derived estimate: net demand / (1 - 0.15)""}",https://psa.gov.ph/classification/psgc/barangays/0806003000,4.3,205,55,48510,0.0485,15,0.0571,236.5,194
Calbayog City,City,Saljag,0806003132,Rural,767,13400,Lower-Middle,750,5.6,52,82,69.0,Agriculture and local services,Medium,9000,High,"Prioritize reliability, access, and shortage-resilience improvements","{""barangay_name"": ""PSA PSGC"", ""psgc_code"": ""PSA PSGC"", ""urban_rural"": ""PSA PSGC"", ""population_2024"": ""PSA 2024 POPCEN"", ""water_economics_fields"": ""Simulated for prototype only"", ""avg_household_size_2020_lgu"": ""PSA 2020 Census"", ""households_2024_estimated"": ""Derived estimate: 2024 barangay population / 2020 LGU average household size"", ""basic_domestic_demand"": ""Derived estimate using DPWH 55 L/person/day midpoint for Level II rural-water design"", ""nrw_design_assumption"": ""DPWH 15% NRW assumption for a new Level II system"", ""gross_production_requirement"": ""Derived estimate: net demand / (1 - 0.15)""}",https://psa.gov.ph/classification/psgc/barangays/0806003000,4.3,178,55,42185,0.0422,15,0.0496,236.5,169
Calbayog City,City,Salvacion,0806003133,Rural,70,13600,Lower-Middle,790,5.8,59,65,6.3,Mixed rural livelihood,High,1000,High,"Prioritize reliability, access, and shortage-resilience improvements","{""barangay_name"": ""PSA PSGC"", ""psgc_code"": ""PSA PSGC"", ""urban_rural"": ""PSA PSGC"", ""population_2024"": ""PSA 2024 POPCEN"", ""water_economics_fields"": ""Simulated for prototype only"", ""avg_household_size_2020_lgu"": ""PSA 2020 Census"", ""households_2024_estimated"": ""Derived estimate: 2024 barangay population / 2020 LGU average household size"", ""basic_domestic_demand"": ""Derived estimate using DPWH 55 L/person/day midpoint for Level II rural-water design"", ""nrw_design_assumption"": ""DPWH 15% NRW assumption for a new Level II system"", ""gross_production_requirement"": ""Derived estimate: net demand / (1 - 0.15)""}",https://psa.gov.ph/classification/psgc/barangays/0806003000,4.3,16,55,3850,0.0039,15,0.0045,236.5,15
Calbayog City,City,San Antonio,0806003134,Rural,259,13800,Lower-Middle,830,6.0,66,76,23.3,"Fishing, farming, and microenterprise",Medium,3000,High,Target affordability support and improve service reliability,"{""barangay_name"": ""PSA PSGC"", ""psgc_code"": ""PSA PSGC"", ""urban_rural"": ""PSA PSGC"", ""population_2024"": ""PSA 2024 POPCEN"", ""water_economics_fields"": ""Simulated for prototype only"", ""avg_household_size_2020_lgu"": ""PSA 2020 Census"", ""households_2024_estimated"": ""Derived estimate: 2024 barangay population / 2020 LGU average household size"", ""basic_domestic_demand"": ""Derived estimate using DPWH 55 L/person/day midpoint for Level II rural-water design"", ""nrw_design_assumption"": ""DPWH 15% NRW assumption for a new Level II system"", ""gross_production_requirement"": ""Derived estimate: net demand / (1 - 0.15)""}",https://psa.gov.ph/classification/psgc/barangays/0806003000,4.3,60,55,14245,0.0142,15,0.0168,236.5,57
Calbayog City,City,San Isidro,0806003135,Rural,305,14000,Lower-Middle,860,6.1,73,59,27.4,Agriculture and small-scale livelihood,High,4000,High,Target affordability support and improve service reliability,"{""barangay_name"": ""PSA PSGC"", ""psgc_code"": ""PSA PSGC"", ""urban_rural"": ""PSA PSGC"", ""population_2024"": ""PSA 2024 POPCEN"", ""water_economics_fields"": ""Simulated for prototype only"", ""avg_household_size_2020_lgu"": ""PSA 2020 Census"", ""households_2024_estimated"": ""Derived estimate: 2024 barangay population / 2020 LGU average household size"", ""basic_domestic_demand"": ""Derived estimate using DPWH 55 L/person/day midpoint for Level II rural-water design"", ""nrw_design_assumption"": ""DPWH 15% NRW assumption for a new Level II system"", ""gross_production_requirement"": ""Derived estimate: net demand / (1 - 0.15)""}",https://psa.gov.ph/classification/psgc/barangays/0806003000,4.3,71,55,16775,0.0168,15,0.0197,236.5,67
Calbayog City,City,San Joaquin,0806003136,Urban,6128,19400,Middle,750,3.9,89,80,704.7,Small business and services,Low,130000,Low,"Maintain service and monitor demand, affordability, and reliability","{""barangay_name"": ""PSA PSGC"", ""psgc_code"": ""PSA PSGC"", ""urban_rural"": ""PSA PSGC"", ""population_2024"": ""PSA 2024 POPCEN"", ""water_economics_fields"": ""Simulated for prototype only"", ""avg_household_size_2020_lgu"": ""PSA 2020 Census"", ""households_2024_estimated"": ""Derived estimate: 2024 barangay population / 2020 LGU average household size"", ""basic_domestic_demand"": ""Derived estimate using DPWH 55 L/person/day midpoint for Level II rural-water design"", ""nrw_design_assumption"": ""DPWH 15% NRW assumption for a new Level II system"", ""gross_production_requirement"": ""Derived estimate: net demand / (1 - 0.15)""}",https://psa.gov.ph/classification/psgc/barangays/0806003000,4.3,1425,55,337040,0.337,15,0.3965,236.5,1442
Calbayog City,City,San Jose,0806003137,Rural,339,14300,Lower-Middle,940,6.6,59,81,30.5,Agriculture and local services,High,4000,High,Target affordability support and improve service reliability,"{""barangay_name"": ""PSA PSGC"", ""psgc_code"": ""PSA PSGC"", ""urban_rural"": ""PSA PSGC"", ""population_2024"": ""PSA 2024 POPCEN"", ""water_economics_fields"": ""Simulated for prototype only"", ""avg_household_size_2020_lgu"": ""PSA 2020 Census"", ""households_2024_estimated"": ""Derived estimate: 2024 barangay population / 2020 LGU average household size"", ""basic_domestic_demand"": ""Derived estimate using DPWH 55 L/person/day midpoint for Level II rural-water design"", ""nrw_design_assumption"": ""DPWH 15% NRW assumption for a new Level II system"", ""gross_production_requirement"": ""Derived estimate: net demand / (1 - 0.15)""}",https://psa.gov.ph/classification/psgc/barangays/0806003000,4.3,79,55,18645,0.0186,15,0.0219,236.5,75
Calbayog City,City,San Policarpo,0806003138,Urban,6354,19800,Upper-Middle,590,3.0,88,85,730.7,Mixed urban livelihood,Low,137000,Low,"Maintain service and monitor demand, affordability, and reliability","{""barangay_name"": ""PSA PSGC"", ""psgc_code"": ""PSA PSGC"", ""urban_rural"": ""PSA PSGC"", ""population_2024"": ""PSA 2024 POPCEN"", ""water_economics_fields"": ""Simulated for prototype only"", ""avg_household_size_2020_lgu"": ""PSA 2020 Census"", ""households_2024_estimated"": ""Derived estimate: 2024 barangay population / 2020 LGU average household size"", ""basic_domestic_demand"": ""Derived estimate using DPWH 55 L/person/day midpoint for Level II rural-water design"", ""nrw_design_assumption"": ""DPWH 15% NRW assumption for a new Level II system"", ""gross_production_requirement"": ""Derived estimate: net demand / (1 - 0.15)""}",https://psa.gov.ph/classification/psgc/barangays/0806003000,4.3,1478,55,349470,0.3495,15,0.4111,236.5,1495
Calbayog City,City,San Rufino,0806003139,Rural,769,14600,Lower-Middle,710,4.9,73,75,69.2,"Fishing, farming, and microenterprise",Low,10000,Low,"Maintain service and monitor demand, affordability, and reliability","{""barangay_name"": ""PSA PSGC"", ""psgc_code"": ""PSA PSGC"", ""urban_rural"": ""PSA PSGC"", ""population_2024"": ""PSA 2024 POPCEN"", ""water_economics_fields"": ""Simulated for prototype only"", ""avg_household_size_2020_lgu"": ""PSA 2020 Census"", ""households_2024_estimated"": ""Derived estimate: 2024 barangay population / 2020 LGU average household size"", ""basic_domestic_demand"": ""Derived estimate using DPWH 55 L/person/day midpoint for Level II rural-water design"", ""nrw_design_assumption"": ""DPWH 15% NRW assumption for a new Level II system"", ""gross_production_requirement"": ""Derived estimate: net demand / (1 - 0.15)""}",https://psa.gov.ph/classification/psgc/barangays/0806003000,4.3,179,55,42295,0.0423,15,0.0498,236.5,169
Calbayog City,City,Saputan,0806003140,Rural,435,14800,Lower-Middle,750,5.1,52,58,39.1,Agriculture and small-scale livelihood,High,6000,High,Target affordability support and improve service reliability,"{""barangay_name"": ""PSA PSGC"", ""psgc_code"": ""PSA PSGC"", ""urban_rural"": ""PSA PSGC"", ""population_2024"": ""PSA 2024 POPCEN"", ""water_economics_fields"": ""Simulated for prototype only"", ""avg_household_size_2020_lgu"": ""PSA 2020 Census"", ""households_2024_estimated"": ""Derived estimate: 2024 barangay population / 2020 LGU average household size"", ""basic_domestic_demand"": ""Derived estimate using DPWH 55 L/person/day midpoint for Level II rural-water design"", ""nrw_design_assumption"": ""DPWH 15% NRW assumption for a new Level II system"", ""gross_production_requirement"": ""Derived estimate: net demand / (1 - 0.15)""}",https://psa.gov.ph/classification/psgc/barangays/0806003000,4.3,101,55,23925,0.0239,15,0.0281,236.5,96
Calbayog City,City,Sigo,0806003141,Rural,879,15000,Lower-Middle,790,5.3,59,69,79.1,Fishing and agriculture,Medium,11000,High,"Prioritize reliability, access, and shortage-resilience improvements","{""barangay_name"": ""PSA PSGC"", ""psgc_code"": ""PSA PSGC"", ""urban_rural"": ""PSA PSGC"", ""population_2024"": ""PSA 2024 POPCEN"", ""water_economics_fields"": ""Simulated for prototype only"", ""avg_household_size_2020_lgu"": ""PSA 2020 Census"", ""households_2024_estimated"": ""Derived estimate: 2024 barangay population / 2020 LGU average household size"", ""basic_domestic_demand"": ""Derived estimate using DPWH 55 L/person/day midpoint for Level II rural-water design"", ""nrw_design_assumption"": ""DPWH 15% NRW assumption for a new Level II system"", ""gross_production_requirement"": ""Derived estimate: net demand / (1 - 0.15)""}",https://psa.gov.ph/classification/psgc/barangays/0806003000,4.3,204,55,48345,0.0483,15,0.0569,236.5,193
Calbayog City,City,Sinantan,0806003142,Rural,215,15200,Lower-Middle,820,5.4,66,80,19.4,Agriculture and local services,Medium,3000,High,"Prioritize reliability, access, and shortage-resilience improvements","{""barangay_name"": ""PSA PSGC"", ""psgc_code"": ""PSA PSGC"", ""urban_rural"": ""PSA PSGC"", ""population_2024"": ""PSA 2024 POPCEN"", ""water_economics_fields"": ""Simulated for prototype only"", ""avg_household_size_2020_lgu"": ""PSA 2020 Census"", ""households_2024_estimated"": ""Derived estimate: 2024 barangay population / 2020 LGU average household size"", ""basic_domestic_demand"": ""Derived estimate using DPWH 55 L/person/day midpoint for Level II rural-water design"", ""nrw_design_assumption"": ""DPWH 15% NRW assumption for a new Level II system"", ""gross_production_requirement"": ""Derived estimate: net demand / (1 - 0.15)""}",https://psa.gov.ph/classification/psgc/barangays/0806003000,4.3,50,55,11825,0.0118,15,0.0139,236.5,47
Calbayog City,City,Sinidman Occidental,0806003143,Rural,794,15300,Lower-Middle,860,5.6,73,63,71.5,Mixed rural livelihood,Medium,10000,High,"Prioritize reliability, access, and shortage-resilience improvements","{""barangay_name"": ""PSA PSGC"", ""psgc_code"": ""PSA PSGC"", ""urban_rural"": ""PSA PSGC"", ""population_2024"": ""PSA 2024 POPCEN"", ""water_economics_fields"": ""Simulated for prototype only"", ""avg_household_size_2020_lgu"": ""PSA 2020 Census"", ""households_2024_estimated"": ""Derived estimate: 2024 barangay population / 2020 LGU average household size"", ""basic_domestic_demand"": ""Derived estimate using DPWH 55 L/person/day midpoint for Level II rural-water design"", ""nrw_design_assumption"": ""DPWH 15% NRW assumption for a new Level II system"", ""gross_production_requirement"": ""Derived estimate: net demand / (1 - 0.15)""}",https://psa.gov.ph/classification/psgc/barangays/0806003000,4.3,185,55,43670,0.0437,15,0.0514,236.5,175
Calbayog City,City,Sinidman Oriental,0806003144,Rural,617,15500,Middle,900,5.8,52,74,55.5,"Fishing, farming, and microenterprise",High,8000,High,"Prioritize reliability, access, and shortage-resilience improvements","{""barangay_name"": ""PSA PSGC"", ""psgc_code"": ""PSA PSGC"", ""urban_rural"": ""PSA PSGC"", ""population_2024"": ""PSA 2024 POPCEN"", ""water_economics_fields"": ""Simulated for prototype only"", ""avg_household_size_2020_lgu"": ""PSA 2020 Census"", ""households_2024_estimated"": ""Derived estimate: 2024 barangay population / 2020 LGU average household size"", ""basic_domestic_demand"": ""Derived estimate using DPWH 55 L/person/day midpoint for Level II rural-water design"", ""nrw_design_assumption"": ""DPWH 15% NRW assumption for a new Level II system"", ""gross_production_requirement"": ""Derived estimate: net demand / (1 - 0.15)""}",https://psa.gov.ph/classification/psgc/barangays/0806003000,4.3,143,55,33935,0.0339,15,0.0399,236.5,136
Calbayog City,City,Tabawan,0806003145,Rural,799,15700,Middle,940,6.0,59,85,71.9,Agriculture and small-scale livelihood,Medium,11000,High,Target affordability support and improve service reliability,"{""barangay_name"": ""PSA PSGC"", ""psgc_code"": ""PSA PSGC"", ""urban_rural"": ""PSA PSGC"", ""population_2024"": ""PSA 2024 POPCEN"", ""water_economics_fields"": ""Simulated for prototype only"", ""avg_household_size_2020_lgu"": ""PSA 2020 Census"", ""households_2024_estimated"": ""Derived estimate: 2024 barangay population / 2020 LGU average household size"", ""basic_domestic_demand"": ""Derived estimate using DPWH 55 L/person/day midpoint for Level II rural-water design"", ""nrw_design_assumption"": ""DPWH 15% NRW assumption for a new Level II system"", ""gross_production_requirement"": ""Derived estimate: net demand / (1 - 0.15)""}",https://psa.gov.ph/classification/psgc/barangays/0806003000,4.3,186,55,43945,0.0439,15,0.0517,236.5,176
Calbayog City,City,Talahiban,0806003146,Rural,483,15900,Middle,670,4.2,66,68,43.5,Fishing and agriculture,Low,6000,High,"Prioritize reliability, access, and shortage-resilience improvements","{""barangay_name"": ""PSA PSGC"", ""psgc_code"": ""PSA PSGC"", ""urban_rural"": ""PSA PSGC"", ""population_2024"": ""PSA 2024 POPCEN"", ""water_economics_fields"": ""Simulated for prototype only"", ""avg_household_size_2020_lgu"": ""PSA 2020 Census"", ""households_2024_estimated"": ""Derived estimate: 2024 barangay population / 2020 LGU average household size"", ""basic_domestic_demand"": ""Derived estimate using DPWH 55 L/person/day midpoint for Level II rural-water design"", ""nrw_design_assumption"": ""DPWH 15% NRW assumption for a new Level II system"", ""gross_production_requirement"": ""Derived estimate: net demand / (1 - 0.15)""}",https://psa.gov.ph/classification/psgc/barangays/0806003000,4.3,112,55,26565,0.0266,15,0.0313,236.5,106
Calbayog City,City,Tapae,0806003147,Rural,457,16000,Middle,710,4.4,73,79,41.1,Agriculture and local services,Low,6000,Low,"Maintain service and monitor demand, affordability, and reliability","{""barangay_name"": ""PSA PSGC"", ""psgc_code"": ""PSA PSGC"", ""urban_rural"": ""PSA PSGC"", ""population_2024"": ""PSA 2024 POPCEN"", ""water_economics_fields"": ""Simulated for prototype only"", ""avg_household_size_2020_lgu"": ""PSA 2020 Census"", ""households_2024_estimated"": ""Derived estimate: 2024 barangay population / 2020 LGU average household size"", ""basic_domestic_demand"": ""Derived estimate using DPWH 55 L/person/day midpoint for Level II rural-water design"", ""nrw_design_assumption"": ""DPWH 15% NRW assumption for a new Level II system"", ""gross_production_requirement"": ""Derived estimate: net demand / (1 - 0.15)""}",https://psa.gov.ph/classification/psgc/barangays/0806003000,4.3,106,55,25135,0.0251,15,0.0296,236.5,100
Calbayog City,City,Tarabucan,0806003148,Rural,2079,16200,Middle,750,4.6,52,62,187.1,Mixed rural livelihood,Medium,28000,High,Target affordability support and improve service reliability,"{""barangay_name"": ""PSA PSGC"", ""psgc_code"": ""PSA PSGC"", ""urban_rural"": ""PSA PSGC"", ""population_2024"": ""PSA 2024 POPCEN"", ""water_economics_fields"": ""Simulated for prototype only"", ""avg_household_size_2020_lgu"": ""PSA 2020 Census"", ""households_2024_estimated"": ""Derived estimate: 2024 barangay population / 2020 LGU average household size"", ""basic_domestic_demand"": ""Derived estimate using DPWH 55 L/person/day midpoint for Level II rural-water design"", ""nrw_design_assumption"": ""DPWH 15% NRW assumption for a new Level II system"", ""gross_production_requirement"": ""Derived estimate: net demand / (1 - 0.15)""}",https://psa.gov.ph/classification/psgc/barangays/0806003000,4.3,483,55,114345,0.1143,15,0.1345,236.5,457
Calbayog City,City,Tigbe,0806003149,Rural,133,16400,Middle,780,4.8,59,73,12.0,"Fishing, farming, and microenterprise",Medium,2000,High,"Prioritize reliability, access, and shortage-resilience improvements","{""barangay_name"": ""PSA PSGC"", ""psgc_code"": ""PSA PSGC"", ""urban_rural"": ""PSA PSGC"", ""population_2024"": ""PSA 2024 POPCEN"", ""water_economics_fields"": ""Simulated for prototype only"", ""avg_household_size_2020_lgu"": ""PSA 2020 Census"", ""households_2024_estimated"": ""Derived estimate: 2024 barangay population / 2020 LGU average household size"", ""basic_domestic_demand"": ""Derived estimate using DPWH 55 L/person/day midpoint for Level II rural-water design"", ""nrw_design_assumption"": ""DPWH 15% NRW assumption for a new Level II system"", ""gross_production_requirement"": ""Derived estimate: net demand / (1 - 0.15)""}",https://psa.gov.ph/classification/psgc/barangays/0806003000,4.3,31,55,7315,0.0073,15,0.0086,236.5,29
Calbayog City,City,Tinaplacan,0806003152,Rural,1727,11700,Low Income,890,7.6,52,78,155.4,Agriculture and local services,High,19000,High,Target affordability support and improve service reliability,"{""barangay_name"": ""PSA PSGC"", ""psgc_code"": ""PSA PSGC"", ""urban_rural"": ""PSA PSGC"", ""population_2024"": ""PSA 2024 POPCEN"", ""water_economics_fields"": ""Simulated for prototype only"", ""avg_household_size_2020_lgu"": ""PSA 2020 Census"", ""households_2024_estimated"": ""Derived estimate: 2024 barangay population / 2020 LGU average household size"", ""basic_domestic_demand"": ""Derived estimate using DPWH 55 L/person/day midpoint for Level II rural-water design"", ""nrw_design_assumption"": ""DPWH 15% NRW assumption for a new Level II system"", ""gross_production_requirement"": ""Derived estimate: net demand / (1 - 0.15)""}",https://psa.gov.ph/classification/psgc/barangays/0806003000,4.3,402,55,94985,0.095,15,0.1117,236.5,380
Calbayog City,City,Tomaliguez,0806003153,Rural,1047,11900,Low Income,930,7.8,59,61,94.2,Mixed rural livelihood,High,11000,High,Target affordability support and improve service reliability,"{""barangay_name"": ""PSA PSGC"", ""psgc_code"": ""PSA PSGC"", ""urban_rural"": ""PSA PSGC"", ""population_2024"": ""PSA 2024 POPCEN"", ""water_economics_fields"": ""Simulated for prototype only"", ""avg_household_size_2020_lgu"": ""PSA 2020 Census"", ""households_2024_estimated"": ""Derived estimate: 2024 barangay population / 2020 LGU average household size"", ""basic_domestic_demand"": ""Derived estimate using DPWH 55 L/person/day midpoint for Level II rural-water design"", ""nrw_design_assumption"": ""DPWH 15% NRW assumption for a new Level II system"", ""gross_production_requirement"": ""Derived estimate: net demand / (1 - 0.15)""}",https://psa.gov.ph/classification/psgc/barangays/0806003000,4.3,243,55,57585,0.0576,15,0.0677,236.5,230
Calbayog City,City,Trinidad,0806003154,Urban,4401,17300,Middle,700,4.0,95,91,506.1,Public and private services,Low,86000,Low,"Maintain service and monitor demand, affordability, and reliability","{""barangay_name"": ""PSA PSGC"", ""psgc_code"": ""PSA PSGC"", ""urban_rural"": ""PSA PSGC"", ""population_2024"": ""PSA 2024 POPCEN"", ""water_economics_fields"": ""Simulated for prototype only"", ""avg_household_size_2020_lgu"": ""PSA 2020 Census"", ""households_2024_estimated"": ""Derived estimate: 2024 barangay population / 2020 LGU average household size"", ""basic_domestic_demand"": ""Derived estimate using DPWH 55 L/person/day midpoint for Level II rural-water design"", ""nrw_design_assumption"": ""DPWH 15% NRW assumption for a new Level II system"", ""gross_production_requirement"": ""Derived estimate: net demand / (1 - 0.15)""}",https://psa.gov.ph/classification/psgc/barangays/0806003000,4.3,1023,55,242055,0.2421,15,0.2848,236.5,1036
Calbayog City,City,Victory,0806003155,Rural,572,12200,Lower-Middle,700,5.7,73,83,51.5,Agriculture and small-scale livelihood,Medium,6000,Medium,Monitor demand and strengthen reliability where cost-effective,"{""barangay_name"": ""PSA PSGC"", ""psgc_code"": ""PSA PSGC"", ""urban_rural"": ""PSA PSGC"", ""population_2024"": ""PSA 2024 POPCEN"", ""water_economics_fields"": ""Simulated for prototype only"", ""avg_household_size_2020_lgu"": ""PSA 2020 Census"", ""households_2024_estimated"": ""Derived estimate: 2024 barangay population / 2020 LGU average household size"", ""basic_domestic_demand"": ""Derived estimate using DPWH 55 L/person/day midpoint for Level II rural-water design"", ""nrw_design_assumption"": ""DPWH 15% NRW assumption for a new Level II system"", ""gross_production_requirement"": ""Derived estimate: net demand / (1 - 0.15)""}",https://psa.gov.ph/classification/psgc/barangays/0806003000,4.3,133,55,31460,0.0315,15,0.037,236.5,126
Calbayog City,City,Villahermosa,0806003156,Rural,553,12400,Lower-Middle,740,6.0,52,66,49.8,Fishing and agriculture,High,6000,High,Target affordability support and improve service reliability,"{""barangay_name"": ""PSA PSGC"", ""psgc_code"": ""PSA PSGC"", ""urban_rural"": ""PSA PSGC"", ""population_2024"": ""PSA 2024 POPCEN"", ""water_economics_fields"": ""Simulated for prototype only"", ""avg_household_size_2020_lgu"": ""PSA 2020 Census"", ""households_2024_estimated"": ""Derived estimate: 2024 barangay population / 2020 LGU average household size"", ""basic_domestic_demand"": ""Derived estimate using DPWH 55 L/person/day midpoint for Level II rural-water design"", ""nrw_design_assumption"": ""DPWH 15% NRW assumption for a new Level II system"", ""gross_production_requirement"": ""Derived estimate: net demand / (1 - 0.15)""}",https://psa.gov.ph/classification/psgc/barangays/0806003000,4.3,129,55,30415,0.0304,15,0.0358,236.5,122
Calbayog City,City,Awang East,0806003158,Urban,1803,18000,Middle,610,3.4,93,84,207.3,Mixed urban livelihood,Low,36000,Low,"Maintain service and monitor demand, affordability, and reliability","{""barangay_name"": ""PSA PSGC"", ""psgc_code"": ""PSA PSGC"", ""urban_rural"": ""PSA PSGC"", ""population_2024"": ""PSA 2024 POPCEN"", ""water_economics_fields"": ""Simulated for prototype only"", ""avg_household_size_2020_lgu"": ""PSA 2020 Census"", ""households_2024_estimated"": ""Derived estimate: 2024 barangay population / 2020 LGU average household size"", ""basic_domestic_demand"": ""Derived estimate using DPWH 55 L/person/day midpoint for Level II rural-water design"", ""nrw_design_assumption"": ""DPWH 15% NRW assumption for a new Level II system"", ""gross_production_requirement"": ""Derived estimate: net demand / (1 - 0.15)""}",https://psa.gov.ph/classification/psgc/barangays/0806003000,4.3,419,55,99165,0.0992,15,0.1167,236.5,424
Calbayog City,City,Awang West,0806003159,Urban,1900,18200,Middle,640,3.5,85,95,218.5,Public and private services,Low,39000,Low,"Maintain service and monitor demand, affordability, and reliability","{""barangay_name"": ""PSA PSGC"", ""psgc_code"": ""PSA PSGC"", ""urban_rural"": ""PSA PSGC"", ""population_2024"": ""PSA 2024 POPCEN"", ""water_economics_fields"": ""Simulated for prototype only"", ""avg_household_size_2020_lgu"": ""PSA 2020 Census"", ""households_2024_estimated"": ""Derived estimate: 2024 barangay population / 2020 LGU average household size"", ""basic_domestic_demand"": ""Derived estimate using DPWH 55 L/person/day midpoint for Level II rural-water design"", ""nrw_design_assumption"": ""DPWH 15% NRW assumption for a new Level II system"", ""gross_production_requirement"": ""Derived estimate: net demand / (1 - 0.15)""}",https://psa.gov.ph/classification/psgc/barangays/0806003000,4.3,442,55,104500,0.1045,15,0.1229,236.5,447
Calbayog City,City,Bagong Lipunan,0806003160,Rural,216,13100,Lower-Middle,890,6.8,52,82,19.4,Agriculture and small-scale livelihood,High,3000,High,Target affordability support and improve service reliability,"{""barangay_name"": ""PSA PSGC"", ""psgc_code"": ""PSA PSGC"", ""urban_rural"": ""PSA PSGC"", ""population_2024"": ""PSA 2024 POPCEN"", ""water_economics_fields"": ""Simulated for prototype only"", ""avg_household_size_2020_lgu"": ""PSA 2020 Census"", ""households_2024_estimated"": ""Derived estimate: 2024 barangay population / 2020 LGU average household size"", ""basic_domestic_demand"": ""Derived estimate using DPWH 55 L/person/day midpoint for Level II rural-water design"", ""nrw_design_assumption"": ""DPWH 15% NRW assumption for a new Level II system"", ""gross_production_requirement"": ""Derived estimate: net demand / (1 - 0.15)""}",https://psa.gov.ph/classification/psgc/barangays/0806003000,4.3,50,55,11880,0.0119,15,0.014,236.5,47
Calbayog City,City,Bontay,0806003162,Rural,458,13400,Lower-Middle,960,7.2,66,76,41.2,Agriculture and local services,High,5000,High,Target affordability support and improve service reliability,"{""barangay_name"": ""PSA PSGC"", ""psgc_code"": ""PSA PSGC"", ""urban_rural"": ""PSA PSGC"", ""population_2024"": ""PSA 2024 POPCEN"", ""water_economics_fields"": ""Simulated for prototype only"", ""avg_household_size_2020_lgu"": ""PSA 2020 Census"", ""households_2024_estimated"": ""Derived estimate: 2024 barangay population / 2020 LGU average household size"", ""basic_domestic_demand"": ""Derived estimate using DPWH 55 L/person/day midpoint for Level II rural-water design"", ""nrw_design_assumption"": ""DPWH 15% NRW assumption for a new Level II system"", ""gross_production_requirement"": ""Derived estimate: net demand / (1 - 0.15)""}",https://psa.gov.ph/classification/psgc/barangays/0806003000,4.3,107,55,25190,0.0252,15,0.0296,236.5,101
Calbayog City,City,Kalilihan,0806003164,Rural,261,13800,Lower-Middle,740,5.4,52,70,23.5,"Fishing, farming, and microenterprise",High,3000,High,"Prioritize reliability, access, and shortage-resilience improvements","{""barangay_name"": ""PSA PSGC"", ""psgc_code"": ""PSA PSGC"", ""urban_rural"": ""PSA PSGC"", ""population_2024"": ""PSA 2024 POPCEN"", ""water_economics_fields"": ""Simulated for prototype only"", ""avg_household_size_2020_lgu"": ""PSA 2020 Census"", ""households_2024_estimated"": ""Derived estimate: 2024 barangay population / 2020 LGU average household size"", ""basic_domestic_demand"": ""Derived estimate using DPWH 55 L/person/day midpoint for Level II rural-water design"", ""nrw_design_assumption"": ""DPWH 15% NRW assumption for a new Level II system"", ""gross_production_requirement"": ""Derived estimate: net demand / (1 - 0.15)""}",https://psa.gov.ph/classification/psgc/barangays/0806003000,4.3,61,55,14355,0.0144,15,0.0169,236.5,57
Calbayog City,City,Carmen,0806003165,Urban,2615,19200,Middle,620,3.2,82,93,300.7,Retail and services,Low,55000,Low,"Maintain service and monitor demand, affordability, and reliability","{""barangay_name"": ""PSA PSGC"", ""psgc_code"": ""PSA PSGC"", ""urban_rural"": ""PSA PSGC"", ""population_2024"": ""PSA 2024 POPCEN"", ""water_economics_fields"": ""Simulated for prototype only"", ""avg_household_size_2020_lgu"": ""PSA 2020 Census"", ""households_2024_estimated"": ""Derived estimate: 2024 barangay population / 2020 LGU average household size"", ""basic_domestic_demand"": ""Derived estimate using DPWH 55 L/person/day midpoint for Level II rural-water design"", ""nrw_design_assumption"": ""DPWH 15% NRW assumption for a new Level II system"", ""gross_production_requirement"": ""Derived estimate: net demand / (1 - 0.15)""}",https://psa.gov.ph/classification/psgc/barangays/0806003000,4.3,608,55,143825,0.1438,15,0.1692,236.5,615
Calbayog City,City,Danao I,0806003166,Rural,2784,14100,Lower-Middle,810,5.7,66,64,250.6,Fishing and agriculture,High,34000,High,"Prioritize reliability, access, and shortage-resilience improvements","{""barangay_name"": ""PSA PSGC"", ""psgc_code"": ""PSA PSGC"", ""urban_rural"": ""PSA PSGC"", ""population_2024"": ""PSA 2024 POPCEN"", ""water_economics_fields"": ""Simulated for prototype only"", ""avg_household_size_2020_lgu"": ""PSA 2020 Census"", ""households_2024_estimated"": ""Derived estimate: 2024 barangay population / 2020 LGU average household size"", ""basic_domestic_demand"": ""Derived estimate using DPWH 55 L/person/day midpoint for Level II rural-water design"", ""nrw_design_assumption"": ""DPWH 15% NRW assumption for a new Level II system"", ""gross_production_requirement"": ""Derived estimate: net demand / (1 - 0.15)""}",https://psa.gov.ph/classification/psgc/barangays/0806003000,4.3,647,55,153120,0.1531,15,0.1801,236.5,612
Calbayog City,City,Danao II,0806003167,Rural,537,14300,Lower-Middle,850,5.9,73,75,48.3,Agriculture and local services,Medium,7000,Medium,Monitor demand and strengthen reliability where cost-effective,"{""barangay_name"": ""PSA PSGC"", ""psgc_code"": ""PSA PSGC"", ""urban_rural"": ""PSA PSGC"", ""population_2024"": ""PSA 2024 POPCEN"", ""water_economics_fields"": ""Simulated for prototype only"", ""avg_household_size_2020_lgu"": ""PSA 2020 Census"", ""households_2024_estimated"": ""Derived estimate: 2024 barangay population / 2020 LGU average household size"", ""basic_domestic_demand"": ""Derived estimate using DPWH 55 L/person/day midpoint for Level II rural-water design"", ""nrw_design_assumption"": ""DPWH 15% NRW assumption for a new Level II system"", ""gross_production_requirement"": ""Derived estimate: net demand / (1 - 0.15)""}",https://psa.gov.ph/classification/psgc/barangays/0806003000,4.3,125,55,29535,0.0295,15,0.0347,236.5,118
Calbayog City,City,Gabay,0806003168,Rural,221,14500,Lower-Middle,890,6.1,52,58,19.9,Mixed rural livelihood,High,3000,High,Target affordability support and improve service reliability,"{""barangay_name"": ""PSA PSGC"", ""psgc_code"": ""PSA PSGC"", ""urban_rural"": ""PSA PSGC"", ""population_2024"": ""PSA 2024 POPCEN"", ""water_economics_fields"": ""Simulated for prototype only"", ""avg_household_size_2020_lgu"": ""PSA 2020 Census"", ""households_2024_estimated"": ""Derived estimate: 2024 barangay population / 2020 LGU average household size"", ""basic_domestic_demand"": ""Derived estimate using DPWH 55 L/person/day midpoint for Level II rural-water design"", ""nrw_design_assumption"": ""DPWH 15% NRW assumption for a new Level II system"", ""gross_production_requirement"": ""Derived estimate: net demand / (1 - 0.15)""}",https://psa.gov.ph/classification/psgc/barangays/0806003000,4.3,51,55,12155,0.0122,15,0.0143,236.5,49
Calbayog City,City,Pagbalican,0806003171,Rural,900,15000,Lower-Middle,700,4.7,73,63,81.0,Fishing and agriculture,Medium,12000,High,"Prioritize reliability, access, and shortage-resilience improvements","{""barangay_name"": ""PSA PSGC"", ""psgc_code"": ""PSA PSGC"", ""urban_rural"": ""PSA PSGC"", ""population_2024"": ""PSA 2024 POPCEN"", ""water_economics_fields"": ""Simulated for prototype only"", ""avg_household_size_2020_lgu"": ""PSA 2020 Census"", ""households_2024_estimated"": ""Derived estimate: 2024 barangay population / 2020 LGU average household size"", ""basic_domestic_demand"": ""Derived estimate using DPWH 55 L/person/day midpoint for Level II rural-water design"", ""nrw_design_assumption"": ""DPWH 15% NRW assumption for a new Level II system"", ""gross_production_requirement"": ""Derived estimate: net demand / (1 - 0.15)""}",https://psa.gov.ph/classification/psgc/barangays/0806003000,4.3,209,55,49500,0.0495,15,0.0582,236.5,198
Calbayog City,City,Payahan,0806003173,Urban,3225,20600,Upper-Middle,680,3.3,93,96,370.9,Mixed urban livelihood,Low,71000,Low,"Maintain service and monitor demand, affordability, and reliability","{""barangay_name"": ""PSA PSGC"", ""psgc_code"": ""PSA PSGC"", ""urban_rural"": ""PSA PSGC"", ""population_2024"": ""PSA 2024 POPCEN"", ""water_economics_fields"": ""Simulated for prototype only"", ""avg_household_size_2020_lgu"": ""PSA 2020 Census"", ""households_2024_estimated"": ""Derived estimate: 2024 barangay population / 2020 LGU average household size"", ""basic_domestic_demand"": ""Derived estimate using DPWH 55 L/person/day midpoint for Level II rural-water design"", ""nrw_design_assumption"": ""DPWH 15% NRW assumption for a new Level II system"", ""gross_production_requirement"": ""Derived estimate: net demand / (1 - 0.15)""}",https://psa.gov.ph/classification/psgc/barangays/0806003000,4.3,750,55,177375,0.1774,15,0.2087,236.5,759
Calbayog City,City,Tanval,0806003174,Rural,515,15500,Middle,810,5.2,66,68,46.4,"Fishing, farming, and microenterprise",Medium,7000,High,"Prioritize reliability, access, and shortage-resilience improvements","{""barangay_name"": ""PSA PSGC"", ""psgc_code"": ""PSA PSGC"", ""urban_rural"": ""PSA PSGC"", ""population_2024"": ""PSA 2024 POPCEN"", ""water_economics_fields"": ""Simulated for prototype only"", ""avg_household_size_2020_lgu"": ""PSA 2020 Census"", ""households_2024_estimated"": ""Derived estimate: 2024 barangay population / 2020 LGU average household size"", ""basic_domestic_demand"": ""Derived estimate using DPWH 55 L/person/day midpoint for Level II rural-water design"", ""nrw_design_assumption"": ""DPWH 15% NRW assumption for a new Level II system"", ""gross_production_requirement"": ""Derived estimate: net demand / (1 - 0.15)""}",https://psa.gov.ph/classification/psgc/barangays/0806003000,4.3,120,55,28325,0.0283,15,0.0333,236.5,113
Calbayog City,City,Tinambacan Norte,0806003175,Rural,2150,15700,Middle,840,5.4,73,79,193.5,Agriculture and small-scale livelihood,Medium,28000,Medium,Monitor demand and strengthen reliability where cost-effective,"{""barangay_name"": ""PSA PSGC"", ""psgc_code"": ""PSA PSGC"", ""urban_rural"": ""PSA PSGC"", ""population_2024"": ""PSA 2024 POPCEN"", ""water_economics_fields"": ""Simulated for prototype only"", ""avg_household_size_2020_lgu"": ""PSA 2020 Census"", ""households_2024_estimated"": ""Derived estimate: 2024 barangay population / 2020 LGU average household size"", ""basic_domestic_demand"": ""Derived estimate using DPWH 55 L/person/day midpoint for Level II rural-water design"", ""nrw_design_assumption"": ""DPWH 15% NRW assumption for a new Level II system"", ""gross_production_requirement"": ""Derived estimate: net demand / (1 - 0.15)""}",https://psa.gov.ph/classification/psgc/barangays/0806003000,4.3,500,55,118250,0.1182,15,0.1391,236.5,473
Calbayog City,City,Tinambacan Sur,0806003176,Rural,3286,15800,Middle,880,5.6,52,62,295.7,Fishing and agriculture,High,44000,High,Target affordability support and improve service reliability,"{""barangay_name"": ""PSA PSGC"", ""psgc_code"": ""PSA PSGC"", ""urban_rural"": ""PSA PSGC"", ""population_2024"": ""PSA 2024 POPCEN"", ""water_economics_fields"": ""Simulated for prototype only"", ""avg_household_size_2020_lgu"": ""PSA 2020 Census"", ""households_2024_estimated"": ""Derived estimate: 2024 barangay population / 2020 LGU average household size"", ""basic_domestic_demand"": ""Derived estimate using DPWH 55 L/person/day midpoint for Level II rural-water design"", ""nrw_design_assumption"": ""DPWH 15% NRW assumption for a new Level II system"", ""gross_production_requirement"": ""Derived estimate: net demand / (1 - 0.15)""}",https://psa.gov.ph/classification/psgc/barangays/0806003000,4.3,764,55,180730,0.1807,15,0.2126,236.5,722
Calbayog City,City,Cagmanipis Sur,0806003177,Rural,1213,16000,Middle,920,5.8,59,73,109.2,Agriculture and local services,Medium,16000,High,"Prioritize reliability, access, and shortage-resilience improvements","{""barangay_name"": ""PSA PSGC"", ""psgc_code"": ""PSA PSGC"", ""urban_rural"": ""PSA PSGC"", ""population_2024"": ""PSA 2024 POPCEN"", ""water_economics_fields"": ""Simulated for prototype only"", ""avg_household_size_2020_lgu"": ""PSA 2020 Census"", ""households_2024_estimated"": ""Derived estimate: 2024 barangay population / 2020 LGU average household size"", ""basic_domestic_demand"": ""Derived estimate using DPWH 55 L/person/day midpoint for Level II rural-water design"", ""nrw_design_assumption"": ""DPWH 15% NRW assumption for a new Level II system"", ""gross_production_requirement"": ""Derived estimate: net demand / (1 - 0.15)""}",https://psa.gov.ph/classification/psgc/barangays/0806003000,4.3,282,55,66715,0.0667,15,0.0785,236.5,267
Calbayog City,City,"Manuel Barral, Sr.",0806003178,Rural,503,16200,Middle,960,5.9,66,84,45.3,Mixed rural livelihood,Medium,7000,High,"Prioritize reliability, access, and shortage-resilience improvements","{""barangay_name"": ""PSA PSGC"", ""psgc_code"": ""PSA PSGC"", ""urban_rural"": ""PSA PSGC"", ""population_2024"": ""PSA 2024 POPCEN"", ""water_economics_fields"": ""Simulated for prototype only"", ""avg_household_size_2020_lgu"": ""PSA 2020 Census"", ""households_2024_estimated"": ""Derived estimate: 2024 barangay population / 2020 LGU average household size"", ""basic_domestic_demand"": ""Derived estimate using DPWH 55 L/person/day midpoint for Level II rural-water design"", ""nrw_design_assumption"": ""DPWH 15% NRW assumption for a new Level II system"", ""gross_production_requirement"": ""Derived estimate: net demand / (1 - 0.15)""}",https://psa.gov.ph/classification/psgc/barangays/0806003000,4.3,117,55,27665,0.0277,15,0.0325,236.5,111
